index,estimate
0,4.279197
1,3.2366586
2,0.272206
3,1.0373145
4,2.479708
5,2.7469109795
6,1.3981844
7,0.32538519850000003
8,1.7944893
9,4.993238
10,1.4068255
11,4.661435
12,0.88740605
13,5.839427440420001
14,2.555738
15,7.29375
16,0.5677448
17,0.8728594
18,2.6608849
19,2.9643974
20,0.27270874
21,1.538457
22,5.770626
23,1.2753102
24,1.5446332
25,1.7486844
26,1.4715017
27,6.0099535
28,2.5836735
29,2.58226
30,1.3339053
31,5.359172
32,1.8275793
33,1.6052632
34,4.0439315
35,0.17996179
36,1.7655015
37,5.4023957
38,3.5678012
39,1.8119684
40,0.1995381003
41,0.24306527
42,3.1070561
43,1.4416542
44,2.7680534839999997
45,6.821692
46,6.595955
47,1.1088066
48,0.14038457
49,0.8927102
50,1.9033521
51,8.675523
52,3.025743
53,2.0991895
54,0.9805038
55,2.0609584
56,2.070438
57,1.364647
58,1.6891441
59,0.15922706
60,3.2195063
61,4.852585041
62,3.4450339359999997
63,0.09471653
64,0.32832158
65,1.872181
66,1.4085766
67,1.7940274
68,2.1297486
69,1.420998
70,2.893919092
71,1.3283395
72,1.4949196688000002
73,5.2749267
74,4.118929339
75,0.9134708
76,1.5162166
77,1.042406
78,2.6870477
79,0.7260695
80,0.7793123
81,2.5223496
82,1.0498687
83,2.3717885
84,11.527282
85,0.052857112
86,5.363368
87,1.5254083
88,1.3930532
89,6.255584
90,9.3701243417
91,9.194464
92,4.2369432
93,2.4488165
94,1.5057459
95,1.0761428
96,1.1037173
97,1.3792598
98,1.402569645
99,0.8726917
100,0.3895114
101,0.26250866
102,5.1908164
103,3.3880515
104,1.2013001
105,0.61032766
106,1.1077465869999998
107,1.5373217
108,0.5476515
109,7.5654755
110,0.8719965377000001
111,0.091901086
112,0.8016619645
113,0.46523446999999996
114,1.1781284
115,0.6978165
116,0.097970404
117,0.5468693
118,1.96407
119,5.3348055
120,1.9896791
121,1.4342139
122,2.5208217725999997
123,2.9522562
124,0.7633094
125,2.7790815
126,2.22749012
127,0.3328344
128,2.153371
129,0.59914124
130,5.4447546
131,0.6310389924
132,1.1240976
133,0.4935208
134,0.6853470253
135,1.3186897
136,0.43980533
137,2.1735506
138,1.717114
139,1.689878
140,0.31309515
141,1.1280392
142,2.9187293
143,1.410152
144,7.7966056
145,0.13924563
146,2.2451627
147,1.5679166
148,1.0352066
149,5.230197
150,0.31312132
151,0.9969896144
152,1.9456035
153,0.9682594
154,0.44767728
155,5.8976936
156,1.9663413
157,5.26910264
158,0.21498805
159,1.9055722
160,1.3130981
161,0.307766
162,1.7114250927999999
163,3.665343215
164,1.8577125
165,0.6808878
166,1.1538473
167,2.919163
168,4.8279667
169,2.911862
170,0.12401112
171,1.0391841
172,4.0428184625000005
173,1.5286264
174,8.36174
175,0.64560103
176,2.1797533
177,1.2137809560000001
178,1.1486222
179,0.4235592
180,0.1915514188
181,0.37166209029999997
182,5.654868
183,4.151989
184,0.55098176
185,3.8730876
186,0.10043595562999999
187,2.59996376
188,7.429745
189,0.5977311
190,2.8765934
191,1.90341390634
192,1.553237241
193,1.2098362
194,0.84578631
195,0.82948846
196,1.6456656
197,0.30408919096000003
198,1.220278512
199,2.2834024223
200,4.186782325999999
201,1.4675049
202,0.33025423
203,1.6423395
204,2.4053763509999997
205,7.220571
206,1.0616685
207,0.65012705
208,3.4179397
209,0.552105831
210,2.9748528
211,2.113667787
212,0.92992985
213,0.49566326
214,0.49522942
215,7.7086287
216,0.17303264
217,4.1709466
218,0.3842969725
219,1.1241878596
220,1.5265214
221,0.20712918
222,3.4564686
223,2.7364829
224,1.581754085
225,0.12180549
226,1.0558807
227,0.5405851245
228,2.1789443
229,0.052900027
230,0.40848068899999995
231,5.53875
232,1.9790672
233,14.439034
234,6.5734105
235,1.88069561786
236,4.6756834223
237,5.098524
238,1.1742811
239,7.868416
240,0.59817
241,7.448396065
242,0.198825
243,0.995522
244,3.2195016835000003
245,2.3585405
246,0.9133983
247,1.0029832
248,1.107599772
249,0.8870741
250,0.516274
251,3.4510188
252,2.0292304
253,0.690133
254,3.171498359
255,0.5784903
256,2.305778407
257,2.5064743
258,0.30672336
259,2.392031
260,1.0328054
261,0.4544116
262,4.5384755
263,0.58982900448
264,7.5190616
265,0.20164886
266,1.2474183
267,1.492210644
268,0.34904931100000003
269,4.057189446
270,3.7944638583
271,1.8968114
272,7.921441
273,3.9574747
274,2.1152005
275,4.128458
276,0.445615387
277,1.5334532
278,2.977948
279,3.8930116
280,2.55921317
281,0.26239002
282,1.76106726
283,0.09611505
284,3.7220955
285,1.0642804
286,0.7917195536399999
287,0.956416
288,2.7064889
289,0.7213104
290,7.0809217884999995
291,2.3712416
292,0.38870308
293,0.83036052924
294,5.187264
295,0.8360237317000001
296,6.8474693
297,1.6103297
298,3.419866282
299,0.1676732297
300,0.40121967
301,5.4624456676
302,2.5419927
303,3.97006799
304,2.10926
305,0.42691666883999996
306,3.6106917275
307,7.6301947
308,1.0654867
309,1.7806946
310,7.036813
311,2.0516770176
312,1.1898003
313,9.066992
314,0.492126812
315,1.3853588491
316,2.9781199
317,0.918524342
318,1.9856854386
319,1.3389723
320,0.2052446687
321,0.5267076
322,0.90376985
323,6.217927
324,2.759195
325,6.5906243
326,0.6190031
327,0.14536339
328,4.4545584
329,0.170125837
330,1.4382266
331,4.6816363
332,3.0175865
333,0.31447098
334,2.7227056
335,1.667968887
336,0.98298746
337,4.1451664
338,4.404122
339,1.0206437
340,4.2854238
341,0.6036776
342,1.0624448945
343,0.9243369
344,0.53511137
345,5.5077276
346,2.6657639
347,0.011131764
348,0.5984652
349,2.1829798
350,0.15388133
351,2.7389257970000003
352,0.62363297
353,1.1775134
354,3.9271984
355,0.79928486
356,1.8191859879999999
357,5.0599856
358,3.5558715
359,0.42023756834000003
360,0.6543071
361,4.925706
362,1.1468042
363,8.700021
364,1.252145825
365,3.462221
366,0.5225614849000001
367,1.2755224
368,0.9514965165
369,1.2497563
370,1.69194658363
371,1.5293577208
372,2.1465263500000002
373,5.6615512500000005
374,0.8396122
375,6.1684985
376,2.6867697
377,0.5852242
378,0.93120176
379,2.7720754
380,0.439453769
381,5.2386126488
382,1.8756249
383,2.452295
384,3.389911
385,1.910190727
386,13.135255485000002
387,0.8162588
388,0.7438365690000001
389,4.9271345
390,9.53529
391,6.637933
392,1.2009351799999999
393,1.5977405
394,2.772749
395,2.480145055
396,2.4924176
397,1.3688637
398,1.7897829
399,3.3034434204
400,2.1703188
401,4.639960868000001
402,2.0594683
403,4.570438
404,4.048163
405,1.2781677
406,1.7620684
407,0.9819950464
408,2.5278637
409,1.301494006
410,2.7660954
411,1.6438278
412,2.118057
413,1.1528313
414,1.4705782
415,1.9538621
416,5.426633
417,1.5701557
418,1.5671798
419,5.678102
420,1.0796143
421,2.2943518
422,0.6797439
423,1.9906312
424,1.2672313
425,1.9242921
426,9.639418579808
427,0.97164845
428,0.19916575
429,3.3971913
430,7.3311787
431,1.4549761
432,1.5812486
433,1.946795
434,1.4571155
435,0.70200753
436,0.8590338
437,4.2659087
438,0.30121642
439,1.772225422
440,4.946148369
441,0.695240552
442,1.938782
443,1.1703853468999998
444,0.82468814
445,2.8479834
446,3.1461122
447,4.6450467
448,7.068363
449,5.1261727200000005
450,3.0894933
451,1.1183401
452,0.941506274
453,0.65610635
454,0.5676362
455,6.199968
456,0.97974837
457,1.663501788
458,2.1437912
459,2.711533
460,0.39386867411
461,2.8192942
462,2.673337
463,3.9686618
464,2.0153008
465,3.5421665709999997
466,0.1510618
467,1.201453
468,4.0729938
469,1.5586319
470,2.5336308
471,0.386369406
472,1.8579318295
473,1.0089834
474,1.1185138
475,3.00224077
476,0.81558746
477,4.2011533
478,0.19489747
479,0.13268144
480,12.700624
481,3.4899232
482,0.20048961705999999
483,0.28553922765
484,1.9729446431
485,7.6473784
486,2.2467854
487,5.2413945
488,0.25849944
489,0.904226455
490,4.7951417
491,3.2457957
492,0.28339458
493,3.8784943
494,0.56184906
495,7.0327983
496,1.137252437
497,1.5410678
498,1.7434605
499,2.15466
500,0.39779785
501,2.9695377
502,1.29147097758
503,1.714636805
504,5.1249385
505,2.5398974
506,4.6179514
507,5.31501411
508,2.3732827
509,1.3037818663
510,0.07333595
511,1.0654596
512,3.9524107
513,3.3304303
514,3.834339
515,0.7010207980000001
516,3.899567394
517,3.5316486
518,0.6034797
519,1.1698277536
520,6.9718914
521,1.2521726
522,7.2993727
523,3.0205753
524,0.07032332250000001
525,1.1218487
526,0.9556029
527,3.4248521
528,0.5744566
529,0.81778506
530,5.1330686
531,0.17032306
532,1.1812159
533,1.5336032002
534,1.0303755
535,3.7935711519999997
536,0.3078707593
537,0.18565356797
538,0.1353552
539,1.1817973
540,0.5783371
541,1.735618159
542,0.362938046
543,0.98703086
544,3.0444448
545,0.9340786
546,1.3096021
547,1.8320913
548,0.255448
549,4.4766273
550,0.08896353
551,2.300872035
552,0.34354447416
553,1.4478291
554,2.1268206
555,1.5179992
556,6.775576
557,3.7242584
558,1.2803014640000001
559,4.5364
560,0.94301325
561,0.29379922
562,0.618056763
563,2.7355802
564,0.116006315
565,0.6531483
566,2.8902302
567,1.6593273746000001
568,2.0482628
569,4.111881192
570,3.4606795
571,1.5660088
572,2.819359
573,6.0849032
574,2.1386974
575,1.8954664
576,4.3879952
577,4.0751834
578,1.292184908
579,0.44024068499999996
580,3.9134557
581,0.5531595
582,4.639409
583,1.740132781
584,0.853458252
585,5.5699897
586,3.0932844
587,0.030386012
588,0.035168394
589,2.827431494
590,1.6725245
591,2.1392484
592,5.415976
593,8.79496625604
594,1.0407916
595,1.3016236
596,1.8673176
597,0.3842121
598,4.072363
599,5.2492557
600,2.7099211
601,1.0772867
602,5.2672158
603,6.9299603
604,1.5680672
605,2.005233036
606,2.760006
607,0.024585368
608,2.8101819
609,2.639226513
610,0.310209
611,4.077823
612,0.7933816
613,0.3558138
614,0.23090434
615,0.60540855
616,0.5894378
617,0.7469173399999999
618,1.1378767
619,1.8237153
620,2.2170971390000003
621,4.7622895
622,1.7686434
623,3.0985706
624,3.8912644
625,0.3821956803
626,1.8497733
627,0.8056376
628,11.626169
629,8.02988
630,0.34300384
631,0.7488822
632,3.6570792
633,0.09709507
634,4.5804586
635,0.2910878224
636,2.12797922
637,2.8276799
638,5.923146456586
639,2.1763864
640,3.8669002
641,6.02848141233
642,2.7665231
643,0.45971129060000004
644,2.1762838
645,1.6221445
646,0.27407312739999995
647,0.4057901
648,1.1983793
649,2.2505883
650,1.421043
651,4.478841
652,4.9825263
653,1.998223761
654,6.075075
655,1.9118305
656,1.1355741
657,3.4258077
658,0.501304144
659,1.8041054
660,7.371031
661,5.1647496
662,3.5460696
663,5.5622163
664,1.6479892
665,2.8186333
666,1.1996822
667,4.81832
668,0.38261506
669,1.6318463
670,1.7713072
671,4.1389217
672,3.5308247
673,6.192166
674,3.8764112
675,1.0971866
676,2.8809786
677,1.3108050998
678,0.9158995
679,1.9929024128
680,1.792675199
681,2.224336
682,1.1862428
683,1.8608608
684,3.649593065
685,3.8091812
686,1.5461738
687,3.005930187
688,2.4515212
689,0.89270383
690,4.7277327
691,0.20363206
692,0.77692884
693,1.3650174
694,2.19705926
695,2.5902327450000002
696,0.017525189
697,1.188422
698,0.28313333
699,2.1775978
700,2.5897355
701,2.8763933
702,1.0562425
703,1.1217955
704,0.8653743
705,1.720207
706,2.2074375
707,2.122083
708,0.5701801
709,4.074852
710,0.3756391
711,3.536524
712,1.6897933
713,0.032426737
714,0.23165813
715,3.1659684
716,0.50682
717,5.7273593
718,2.210264
719,1.149799
720,0.66524667
721,3.68821627
722,0.5682434000000001
723,3.9292305
724,1.4901305
725,0.3820351
726,1.3902155
727,8.032661
728,10.379135
729,1.3271445
730,0.45064136
731,2.1286085
732,4.590710592000001
733,3.019755
734,0.6040265
735,4.7300067
736,0.45850037657
737,1.1090672
738,2.5236316
739,2.1810098
740,1.5676718
741,6.930965
742,5.8078014
743,6.795408
744,8.818318
745,0.058570404
746,1.0846211
747,1.5169863499999998
748,3.4012413
749,1.474725
750,1.599101
751,2.1432323
752,4.98612
753,0.73689854
754,5.8693523
755,3.8396513
756,0.59425604
757,0.89221275
758,2.747486
759,2.9093146
760,1.0669458
761,1.876882
762,0.37705886
763,3.9336498
764,0.5496776
765,0.43189768100000003
766,5.364371
767,5.930200407
768,0.17792242974
769,1.6958302
770,2.6321886
771,0.036183085
772,0.16147582
773,1.37829504
774,2.891388
775,1.7597586
776,1.1335413683
777,1.0640339
778,3.8344572
779,0.303185
780,0.45442045
781,0.65678704
782,3.1416907
783,2.0777357
784,7.5983324
785,1.548058286
786,5.484484
787,4.6161423
788,1.0982735
789,2.354329
790,0.8766721
791,2.240443114
792,4.34669506
793,1.364751
794,0.7907033429
795,1.4750743
796,2.4701186539999997
797,3.002126246
798,3.7031991
799,5.0634394
800,1.8092363200000001
801,1.5663782
802,0.32291403
803,1.1989979
804,5.47661
805,2.543128473
806,9.589327
807,0.629405
808,1.4119448334
809,1.2594013
810,3.6999383
811,0.4438998596
812,6.072453830000001
813,3.0465467
814,0.5656720265999999
815,2.747073376
816,0.46785576700000003
817,1.0666212
818,1.7287229
819,1.4469134
820,1.3537971
821,0.2617903685
822,4.1705694
823,1.2278914
824,4.873049
825,2.4845273
826,0.903499667
827,0.1951552
828,2.9990144
829,1.5760736
830,2.7616413
831,1.2910417
832,1.8758469
833,5.514744
834,3.361293
835,3.825672
836,0.6974549
837,1.8521951
838,0.2102101367
839,2.002343
840,0.87316096
841,0.0820424421
842,4.123811
843,0.17723808
844,2.289702
845,4.9040956
846,1.5583278
847,0.5020549
848,0.015461048
849,0.8502404
850,0.75365776
851,4.881532
852,2.2501647
853,0.901830683
854,0.6542122
855,0.30036634044000005
856,0.0319193
857,1.8643471
858,1.7065061
859,6.301129
860,0.31568253
861,2.7153692530000004
862,0.5025482
863,1.2095308
864,1.2885993
865,0.79350454
866,3.1991844
867,2.8281229
868,2.5859258
869,3.4476578
870,1.7552122
871,0.16615821690000002
872,0.65665084
873,1.1895113
874,4.199761235
875,3.5863727
876,2.4532776
877,1.3788896
878,0.15310545
879,0.5160874063
880,1.65663102
881,0.39104846499999996
882,8.18579
883,1.3986117
884,1.9125522
885,1.2651687308
886,0.96097785
887,6.1555267134000005
888,2.687542
889,3.8567164
890,4.015868
891,1.3500963
892,5.551059326000001
893,4.6971307
894,0.8667773
895,4.0961666
896,4.333529
897,0.59333223
898,5.0513525
899,0.7507355
900,2.6991475
901,7.065182
902,5.222139
903,0.95701611
904,2.9380531
905,5.40474066
906,1.6572732
907,1.9632707318
908,0.3898981
909,3.8050308
910,3.076422248
911,0.21450241
912,3.6921647
913,0.49206108
914,1.009508561
915,3.5826664
916,2.475344
917,4.3250437
918,0.1562299
919,2.482153
920,2.24468849
921,2.1204205
922,0.74227256
923,2.297356934
924,0.44028872
925,2.500426
926,7.266958539999999
927,4.542022
928,4.837048
929,5.41795
930,0.7981711
931,0.1393060152
932,2.1421398762
933,0.5372518154
934,1.9466848
935,10.70731077
936,1.5805682
937,1.5186893
938,0.08822156
939,1.8619795
940,7.9366837
941,0.8866782
942,0.055134382
943,0.7630831195000001
944,0.16860476
945,0.2523225
946,0.14970922
947,0.7620161005
948,2.5548167
949,0.8137271106
950,0.44306242825000003
951,2.006516
952,0.066669874
953,0.52696896
954,3.2447655
955,0.7938967
956,6.664261
957,6.682709
958,1.0076387
959,0.972037217
960,1.9412578
961,0.17668068
962,3.6138442
963,3.7809122
964,3.2305398
965,5.426523
966,5.113428
967,0.38543218
968,10.967148
969,2.2381532
970,10.7599587085
971,8.675894419999999
972,0.11960871
973,0.470688594
974,7.5359397
975,0.262288794384
976,0.87193304
977,1.5683628
978,6.3781176
979,1.1598428
980,2.5774868
981,1.7320992
982,0.72552043
983,0.21433683
984,3.77474263385
985,0.7168465
986,5.09282
987,0.7417488
988,0.885827
989,0.03050374
990,1.3490101967
991,4.062733
992,4.943645
993,7.5895753
994,0.5383413
995,2.152292
996,7.511076
997,2.3905752
998,1.4915924
999,4.9965215
1000,0.2810305
1001,0.43481937
1002,2.0371363656000003
1003,0.16200904900000002
1004,2.0504582
1005,4.0965926614
1006,1.4000157
1007,3.3597848
1008,3.7927756
1009,4.1713395
1010,1.6828338
1011,1.2043112608
1012,0.3458324
1013,2.541882
1014,0.70328385
1015,2.7234583
1016,2.3699267
1017,5.457865
1018,0.872148063
1019,2.1560018
1020,6.129776
1021,0.6767262
1022,0.006294092
1023,2.2914896
1024,0.8897063576
1025,5.0707965
1026,5.7794595
1027,0.6554685
1028,3.784152
1029,0.07141854043
1030,7.12332463
1031,6.6772704
1032,2.278483
1033,3.6039586
1034,2.332055
1035,5.135633
1036,2.4697633
1037,2.8829064
1038,0.21413182
1039,0.7685748
1040,2.131445
1041,1.7105887
1042,3.3559713
1043,0.67524976
1044,1.1518924
1045,3.3781297
1046,2.580455
1047,2.4277842
1048,0.065213025
1049,0.775578048
1050,2.0245874
1051,3.843945
1052,3.7064207
1053,11.039996053200001
1054,2.486377
1055,3.31259
1056,3.5565174
1057,1.0062606
1058,1.2710241
1059,1.2141223
1060,0.61921716
1061,2.3537227966999996
1062,0.56542534
1063,4.311518
1064,0.687782
1065,1.7020311
1066,1.0200833
1067,3.0345063
1068,1.4835984
1069,0.84021944
1070,1.7269013
1071,2.4936863992
1072,0.13398221
1073,2.589948
1074,0.342314644
1075,4.622888
1076,0.37797147
1077,1.6896466078
1078,1.3314948
1079,1.3520792
1080,6.1988125
1081,0.752954
1082,0.017761843
1083,3.0574508949999997
1084,1.4105355
1085,2.3380623
1086,4.406359
1087,0.50514114
1088,2.6450815
1089,6.3321357
1090,1.3764247
1091,2.1160834
1092,0.5302593
1093,2.4179409
1094,5.2933073
1095,3.281856
1096,3.950418
1097,7.3165517
1098,3.973969
1099,3.3780127
1100,2.9941285
1101,2.502333
1102,1.2205191
1103,0.3392801
1104,3.858618444
1105,1.4641696
1106,1.7288067219599998
1107,4.185943969999999
1108,0.24591465
1109,0.4666522
1110,0.10259589
1111,0.37243205
1112,3.6172476504
1113,0.38296026
1114,2.223500286
1115,0.6015916
1116,4.374472
1117,0.20449659
1118,4.64896123
1119,0.9408396960000001
1120,6.9917483
1121,3.5396805
1122,2.7079844
1123,2.0882108
1124,1.5991936
1125,2.0326846
1126,3.7613776
1127,2.9790504
1128,3.6537912
1129,3.6933813
1130,0.5133081
1131,6.3747435
1132,2.157006
1133,2.581977
1134,0.7752143824
1135,1.5166954
1136,0.38217416
1137,1.9322094
1138,1.4056449
1139,2.828559
1140,6.50744
1141,1.0634911
1142,6.36098
1143,3.2208962
1144,3.5847917
1145,1.9448467
1146,3.14480151
1147,4.243328
1148,3.0656075
1149,1.1689389
1150,1.7400484844
1151,0.8238289623
1152,6.052433
1153,3.8378015
1154,0.898754747
1155,4.5455513
1156,0.8528618
1157,7.131602343
1158,1.6924345
1159,7.8252435
1160,0.44489193
1161,0.791586
1162,0.60316837
1163,0.6787047
1164,2.5822992
1165,1.230848
1166,2.2134187
1167,3.430410106
1168,1.3620025
1169,1.470201267
1170,3.6740685
1171,2.442008
1172,1.3921647162
1173,4.3978896
1174,4.4653487
1175,3.3112993
1176,2.4667919
1177,1.9363167
1178,1.4097686
1179,0.6280573814
1180,1.16105729
1181,0.7741012
1182,2.4027079000000002
1183,1.8431535
1184,0.8857992
1185,3.0475125
1186,0.17300089
1187,3.9880548
1188,0.7801470184
1189,1.8623862536
1190,0.7989269256
1191,3.9038343
1192,2.0150003
1193,4.100458
1194,2.3093748
1195,1.9472506
1196,1.5118613963
1197,1.9223257
1198,1.25276013
1199,0.47736952
1200,1.0511415
1201,1.6534748
1202,1.7260756
1203,2.6918118
1204,1.466439326
1205,0.1992815774
1206,2.8167398
1207,1.226331538
1208,0.6783445
1209,5.1064744
1210,1.6328731222000001
1211,0.8729295
1212,1.8665881
1213,0.27192158
1214,5.823553
1215,1.4526388514
1216,4.9493747
1217,0.22452761
1218,1.2971438
1219,1.745083
1220,0.29091185
1221,3.0734334
1222,0.41111466
1223,1.2033195
1224,5.4984536
1225,3.4453418
1226,1.1961310125
1227,0.79876125
1228,4.55024986
1229,1.6662436
1230,1.5838865
1231,1.2426160882
1232,2.321529006
1233,1.9687475
1234,2.8358204
1235,0.17179257
1236,1.3072091
1237,2.2306408674
1238,1.653824
1239,2.0630395
1240,0.39102238
1241,1.59891237
1242,1.0066576843
1243,4.742339
1244,3.6470582
1245,0.7160385997300001
1246,2.5951524
1247,0.7845827
1248,0.091037124
1249,2.5098286
1250,2.8379984
1251,4.5275420534
1252,4.4502134
1253,0.21721315
1254,3.286062732
1255,0.2877846
1256,7.0107517
1257,0.8108224
1258,4.0826974
1259,1.4289808
1260,0.3925175353
1261,1.369701
1262,2.0989100905
1263,2.2523754
1264,1.4323097
1265,1.6974238
1266,0.8864962
1267,5.819059
1268,0.30990186
1269,10.358864
1270,0.9040536
1271,1.6095709
1272,1.4677721
1273,3.940620283
1274,1.1538397
1275,0.20031491
1276,0.63735545
1277,1.2224307
1278,0.95317984
1279,3.179723788
1280,3.5170863
1281,0.7762503
1282,3.5961009770000003
1283,4.1762276
1284,2.391935124
1285,2.2480622500000003
1286,4.429806
1287,0.16230513
1288,3.5582159
1289,4.0019145
1290,0.80480024994
1291,1.1658168
1292,0.77880317
1293,1.4528252
1294,1.463124
1295,0.40392646
1296,0.14151499
1297,2.0258327
1298,3.6999614
1299,1.92884
1300,2.1465673
1301,3.3768484
1302,6.11219586
1303,2.977982
1304,5.4817433
1305,3.4593573
1306,4.3246427
1307,0.42178658
1308,3.1989157
1309,2.494827
1310,1.4759701029
1311,2.7234437
1312,1.3654717
1313,1.8534634
1314,1.3117974
1315,1.6119620717
1316,0.14864247
1317,0.7672318668
1318,2.1211076
1319,4.7838006
1320,2.4076064
1321,1.3008925
1322,3.0671468
1323,3.7041342
1324,1.5290483
1325,2.6688993
1326,3.6096523
1327,0.2839904
1328,0.8231049
1329,1.0490181
1330,0.11605184
1331,0.76400909323
1332,3.6181898
1333,2.4854774
1334,0.856933447
1335,2.157639474
1336,1.1610024
1337,2.7245288
1338,0.51082015
1339,6.909169
1340,4.345717
1341,1.1502483
1342,4.420173
1343,1.4479939
1344,0.20911601
1345,3.6111617
1346,6.998326
1347,0.4844951
1348,4.905275
1349,4.0463414
1350,0.3193443
1351,9.50705
1352,7.52559
1353,0.9468322650000001
1354,0.3054822581
1355,1.812280515
1356,1.3878938
1357,0.4564242
1358,1.3180234
1359,1.9704645701
1360,3.589971
1361,1.2103256716
1362,1.1415975
1363,0.146292325
1364,1.3891038
1365,0.6518825502999999
1366,0.1555723
1367,3.5765364690999997
1368,6.8854947
1369,0.8050373
1370,1.060984
1371,9.003296
1372,2.2033393
1373,1.2605274
1374,0.48055527
1375,2.7955828
1376,1.9463258
1377,0.13249423
1378,0.218156929
1379,0.33984736
1380,2.55825
1381,2.191225
1382,1.267212
1383,0.36925504
1384,1.2619935
1385,2.166894
1386,3.0668132
1387,3.5629559
1388,1.2582855
1389,5.623172
1390,1.4469846
1391,1.9841632
1392,2.4935899
1393,2.790104
1394,3.34539972508
1395,2.4746035600000003
1396,1.3026596
1397,5.826493
1398,4.989312
1399,2.7589607
1400,1.84021308963
1401,4.5734878
1402,0.26826206514
1403,3.087531
1404,3.2204103
1405,0.93070346
1406,0.15300833900000002
1407,4.0271244
1408,3.5064425
1409,1.0644008
1410,0.08633486
1411,1.6468927
1412,1.1502529
1413,0.46768916
1414,1.2615418
1415,5.05439642
1416,0.08310404460000001
1417,3.2954688
1418,0.5535065
1419,2.542516
1420,0.5276138504
1421,1.2843045
1422,2.7319567
1423,1.1716583
1424,2.2785325
1425,1.554337
1426,2.217202
1427,0.13398637
1428,0.37447622
1429,1.801106
1430,1.3965656865
1431,1.2956175
1432,3.1018038
1433,3.03161763722
1434,1.6154856253
1435,1.0581888
1436,2.9414954
1437,3.093367
1438,2.900475726
1439,1.2057196
1440,2.5331545
1441,1.6213744
1442,1.998044
1443,1.1084616
1444,3.310735484
1445,5.4059567
1446,0.34542599
1447,3.1351985
1448,1.0468214746
1449,1.7067529
1450,3.4389038
1451,0.05917206
1452,6.4140835
1453,1.1862152
1454,0.6809155619999999
1455,1.1733868
1456,0.5553100825
1457,2.010053895
1458,0.08514027
1459,4.6258836
1460,1.6724758
1461,0.008584123
1462,0.022967553
1463,0.2011933754
1464,5.4661956
1465,1.594427526
1466,3.678516
1467,1.7439810811
1468,2.5683527
1469,0.7310427
1470,5.4840616099999995
1471,1.7288662
1472,1.674970412
1473,0.49050206
1474,0.6094545
1475,2.733630706
1476,1.5849829
1477,0.29996932
1478,0.35257763
1479,5.11904321
1480,3.5630634
1481,0.5144029
1482,0.5478921
1483,0.15955372
1484,6.076922
1485,1.4932172
1486,3.383339
1487,0.9180501171
1488,0.14378911
1489,1.0810598
1490,0.26831923
1491,0.19968545
1492,1.3508246
1493,0.4901299
1494,1.0736436
1495,0.2914201
1496,5.263103207
1497,1.063155
1498,2.3759897
1499,2.4808877
1500,0.6215845
1501,2.4673457
1502,4.0006766
1503,0.31484532
1504,5.2953205
1505,0.2883329403
1506,3.6937218
1507,0.28065526
1508,3.794581735
1509,0.53651077
1510,0.80271393
1511,1.0552547
1512,2.6270125
1513,0.7182054494
1514,1.8600668
1515,1.8111880543
1516,2.989914108
1517,0.2537998843
1518,0.52528673
1519,2.1210284
1520,0.5588481
1521,1.2478334
1522,1.7031204
1523,0.2856238
1524,1.2990847
1525,0.1333234975
1526,0.6527882813000001
1527,4.5646734
1528,7.8573217
1529,0.5843963
1530,3.4614606
1531,1.9096167
1532,1.7345802
1533,1.3828068
1534,1.0398755
1535,1.7572495
1536,2.2369554
1537,1.38564
1538,2.278398435
1539,2.3169916
1540,4.084046
1541,2.006136
1542,0.028217765
1543,3.1250756
1544,4.16805354
1545,0.5733889
1546,0.08438621
1547,0.62301934
1548,0.401634
1549,5.418587
1550,2.0579274
1551,0.5053625396
1552,0.97027045
1553,2.8208468
1554,0.2012399799
1555,0.1953999
1556,3.9714158
1557,1.2320453
1558,2.3189719
1559,1.867305667
1560,3.842056
1561,0.93150604
1562,1.4490424
1563,0.86762995
1564,1.6155912
1565,0.7480633
1566,1.3736528
1567,5.217437
1568,2.181848
1569,2.5119677
1570,1.9910028
1571,1.58693152
1572,0.91466653
1573,0.98118174
1574,0.493970113
1575,2.0567126
1576,0.7032400985
1577,0.3955198
1578,3.6674361
1579,0.4357269221
1580,3.3413177
1581,2.9237607
1582,1.320867
1583,3.9688218
1584,4.985508
1585,0.1861766449
1586,2.023889
1587,3.52059987
1588,2.02243104
1589,2.4090564287
1590,1.58231
1591,0.090990506
1592,5.221833
1593,1.4226975
1594,0.88847136
1595,1.6849328
1596,3.8443248
1597,5.2514825510000005
1598,1.642652125
1599,0.18002158
1600,0.78990257
1601,0.89021593
1602,0.11457643
1603,7.4318395
1604,8.771647
1605,0.75141208774
1606,1.467872
1607,1.1041992
1608,0.6406932
1609,1.219774
1610,4.6453147
1611,2.22769
1612,0.74769115
1613,0.2644632
1614,0.7090158854499999
1615,0.8876993
1616,1.1171187
1617,7.843057
1618,0.48860264
1619,0.62391907
1620,0.11369578404
1621,1.9552772
1622,4.974373
1623,1.0552347
1624,2.441345815
1625,0.39927664
1626,0.41553354
1627,2.863951
1628,2.7777727
1629,8.520556262
1630,2.4268324
1631,0.46704683
1632,1.3774003
1633,3.024873
1634,3.83119159308
1635,1.1444211
1636,1.029097
1637,0.0931376275
1638,0.116381338
1639,0.22033690026
1640,4.23255464
1641,4.955658148
1642,6.9194345
1643,2.580743
1644,1.9422916
1645,8.334306
1646,2.601062
1647,0.9320788
1648,1.2258047
1649,3.7762969
1650,4.418923865999999
1651,0.91462886
1652,1.2079062129999998
1653,0.3527328
1654,2.2745342
1655,1.941020838
1656,2.0632563
1657,1.7409134
1658,7.2996984
1659,5.594113
1660,2.432674
1661,0.28823719249999996
1662,2.951381106
1663,0.5491154699699999
1664,2.8536675
1665,2.178208
1666,0.593155543
1667,0.45600367
1668,0.75779104
1669,1.5344735
1670,1.9231600660000001
1671,0.7868661
1672,4.0891495
1673,0.2399502
1674,1.6048374099
1675,0.6439333660000001
1676,2.5751889
1677,0.2216072
1678,0.64642483
1679,3.8967311
1680,0.0809864
1681,4.883917
1682,5.3252244
1683,4.025161
1684,0.92540723
1685,7.4081855
1686,2.9390314927
1687,0.57293653
1688,1.9689289
1689,1.0875607
1690,1.8052521
1691,3.4604533
1692,6.739782206
1693,1.6585654
1694,0.45118263
1695,0.09197964
1696,0.57621056
1697,0.770601012
1698,2.6038828
1699,3.074532
1700,1.0556682
1701,0.031034315
1702,7.0444772787000005
1703,2.7514703
1704,0.75346696
1705,7.8936386
1706,0.673412401822
1707,0.8463790339999999
1708,3.58972866
1709,2.5691228
1710,1.8927089
1711,5.544077
1712,0.5970767
1713,1.4624665
1714,0.48015386
1715,4.2069535
1716,0.8085184
1717,2.140857
1718,3.2819698
1719,1.5180184
1720,6.384990277999999
1721,1.8099597
1722,0.18769306
1723,1.4345748
1724,1.0093907
1725,0.16940583
1726,0.7996423
1727,1.8304682
1728,2.4952276
1729,4.7837095
1730,5.10682
1731,5.0533824
1732,2.3246492486999997
1733,0.9913207
1734,0.47408807
1735,4.9515226513999995
1736,0.55565939
1737,4.4971535
1738,0.7971137
1739,0.8724483
1740,3.244419
1741,1.8940495181
1742,0.8624059
1743,4.0022926
1744,0.4610462
1745,3.0593014
1746,1.6626216
1747,2.2852128
1748,1.6107923
1749,1.733456189
1750,6.29248985
1751,0.13514777
1752,0.38069272
1753,4.9949584
1754,6.2829801718
1755,6.722016999999999
1756,0.16647574
1757,4.54689414
1758,5.8356157
1759,3.465322371
1760,0.91922575
1761,0.22115552
1762,1.6361327
1763,0.36706403
1764,3.8167567
1765,0.5860055
1766,1.0203286
1767,3.8111862023
1768,1.6208345
1769,5.6045623
1770,5.6823735
1771,2.3086077429999996
1772,0.3196551996
1773,0.87472963
1774,0.006576703
1775,3.625803314
1776,0.49536461200000004
1777,2.8129232
1778,1.8220633
1779,3.257160307
1780,2.25246706476
1781,0.46965286
1782,1.714587
1783,0.3371869
1784,1.1678009
1785,3.206813446
1786,5.4238715
1787,0.15997212
1788,0.8019212165999999
1789,2.0698833
1790,1.1432894
1791,1.44832995848
1792,3.6442964
1793,2.3254620612
1794,2.4028282
1795,2.7926347
1796,2.200759803
1797,0.962903996
1798,1.0948942
1799,0.17923342
1800,2.0644207
1801,1.8844397
1802,3.754451181
1803,1.0282852133
1804,1.3020806
1805,1.3937818
1806,1.921667
1807,0.75099736
1808,1.9389004
1809,1.5763358
1810,4.5005
1811,5.439651
1812,0.2704881
1813,1.4026179628
1814,2.6209178
1815,0.76539946
1816,1.9320185
1817,0.8633917
1818,0.9518475
1819,1.5425304
1820,3.7698917
1821,6.1468515
1822,1.1400976
1823,0.07550069449999999
1824,2.6063418
1825,2.249961
1826,5.4327974
1827,3.7938404
1828,1.5640358
1829,4.573369
1830,1.2381847
1831,1.2943065
1832,3.2396095
1833,4.927522
1834,0.8534422
1835,1.8806268
1836,1.2699829
1837,1.5005682
1838,1.1453749711
1839,2.2122428
1840,1.3763897
1841,2.8158205
1842,2.0347073
1843,1.7403884
1844,1.4234651
1845,8.402448099999999
1846,4.309484607
1847,0.83560073
1848,1.6564838000000002
1849,4.68866
1850,0.8873309
1851,0.6977471
1852,4.8746777
1853,4.1416287
1854,4.7284617
1855,1.5504384
1856,1.8375262
1857,1.3723438421999998
1858,6.3100195
1859,0.8195936
1860,4.2616525
1861,4.0186334
1862,5.145517
1863,0.58589843
1864,5.2662783
1865,0.9500954743
1866,2.3068688
1867,1.3120637
1868,3.288467
1869,1.3920079309
1870,2.2993145
1871,0.14128251
1872,6.4428725
1873,2.4883964
1874,1.7538081
1875,3.2418778
1876,0.64531446
1877,1.361071
1878,1.3070825861334998
1879,1.343889
1880,5.5646095540000005
1881,3.3458755
1882,6.198614
1883,3.2041938
1884,1.0101488
1885,0.8912234
1886,1.1078686
1887,1.9932847
1888,0.3685172
1889,5.0043283
1890,7.61957414
1891,1.5634592
1892,1.0376165
1893,1.9691151604200001
1894,4.2439666
1895,0.83637017
1896,2.576236
1897,2.929213
1898,0.38295165
1899,0.4388972
1900,3.831826
1901,1.9344329
1902,1.8451303
1903,3.083224584
1904,0.2373025862
1905,2.2546961
1906,2.3653240390000003
1907,0.402601094
1908,2.2494338
1909,0.24435972
1910,2.7636152923
1911,0.9208605
1912,1.1228848
1913,2.1476607
1914,3.8359272
1915,7.113737584
1916,2.806617498
1917,1.3416697
1918,2.4770386
1919,0.8842547
1920,0.9081115
1921,1.629645633
1922,0.74069536
1923,0.22142965
1924,2.5345665710000005
1925,5.5752163
1926,1.0930598
1927,2.8727367
1928,1.1420722
1929,0.07662143
1930,5.736092
1931,1.1391083
1932,2.242791872
1933,3.0322466
1934,0.698676
1935,0.41032302
1936,1.3322536
1937,3.1587412
1938,0.6757015
1939,4.083071
1940,0.40711865
1941,2.5280519
1942,3.0637834
1943,0.19711193
1944,0.7797459
1945,4.634532
1946,1.9960314
1947,1.0116091747
1948,3.0380967
1949,0.35578182
1950,0.595319
1951,1.5336035
1952,0.89753518
1953,1.2754626
1954,0.9633122
1955,1.7921684199999999
1956,2.611413
1957,0.7683474042
1958,3.5015664
1959,1.7072686
1960,3.7165174
1961,0.6027004
1962,0.95732
1963,1.017317949
1964,3.8975995
1965,2.153364086
1966,0.234356
1967,6.21044
1968,1.2364085
1969,0.5837865
1970,0.2391102
1971,1.1861999
1972,1.0331749
1973,0.5785915
1974,1.7585955
1975,0.105027018
1976,0.8055172
1977,0.42207634
1978,1.2320572
1979,1.1857389
1980,1.508532278
1981,0.6281272
1982,0.19723094
1983,1.2137692
1984,0.5266905
1985,0.9326062
1986,1.2666879139999998
1987,9.740939
1988,2.3246038344
1989,0.8191225
1990,0.26556280649999997
1991,1.92284
1992,0.40083947799999997
1993,0.41605225
1994,0.771086
1995,0.377635
1996,4.198301
1997,1.50407523
1998,3.6306655
1999,3.2986755
2000,0.82827234
2001,5.142536
2002,5.925745
2003,3.0946078
2004,1.993549446
2005,1.5948902
2006,1.0473404930599999
2007,3.03576837
2008,5.7557964
2009,1.84043756
2010,5.4646745
2011,0.08977165
2012,0.5761858870000001
2013,1.5205665
2014,1.05878485676
2015,4.82539262372
2016,3.184851
2017,4.1928034
2018,3.564782
2019,0.30923098
2020,1.1316763605300002
2021,6.5387473
2022,0.5205349
2023,0.9677253
2024,1.873615612
2025,0.12660399
2026,3.9186594
2027,7.478187887
2028,6.263197
2029,2.1809683
2030,1.8053051
2031,0.19816372
2032,6.009358
2033,0.46735838
2034,8.6314125
2035,1.204356
2036,0.6830292
2037,1.2405248
2038,6.62663922
2039,0.3500462
2040,2.7288609770000005
2041,1.5428511
2042,2.0273452
2043,1.702337
2044,3.3996487
2045,1.8064134
2046,5.4836473
2047,1.183507
2048,0.8433305654
2049,3.7902527
2050,4.5922375
2051,6.7251735
2052,1.1092198
2053,0.663880906
2054,0.9354092
2055,2.9630196
2056,0.51448745
2057,0.8659625
2058,1.3324032
2059,2.8696504
2060,2.2138848
2061,1.6619427
2062,0.5956983
2063,0.14625484
2064,2.04079559
2065,2.286841
2066,2.6687101099999997
2067,3.1371844
2068,3.0970578
2069,0.0431531233
2070,2.065683
2071,1.92882306
2072,2.802917
2073,0.21580727
2074,2.5199106
2075,0.08365272
2076,0.78112316
2077,4.612567
2078,9.77223422465
2079,1.162597
2080,4.777102019
2081,1.7798429
2082,0.662533391
2083,0.85387355
2084,7.3160286
2085,0.7589273
2086,2.0773067
2087,1.3545281466
2088,0.46177015
2089,3.9426775
2090,0.8996463526199999
2091,6.006068
2092,2.2997372
2093,2.5372875
2094,1.4658941
2095,0.2411605593
2096,0.9847338
2097,2.4363041
2098,3.143052
2099,1.1021962
2100,0.5052618
2101,2.8279757
2102,0.376402698
2103,2.83622072
2104,3.8666484
2105,2.1341832
2106,7.22276
2107,4.3835511277600006
2108,4.8969298446
2109,1.600544052
2110,1.3490351
2111,1.2328712594
2112,1.8531262
2113,0.78496104
2114,4.8985624
2115,1.5179932
2116,0.4734935
2117,0.43697196
2118,0.21741423
2119,5.9129815
2120,0.25805062
2121,2.35154454
2122,0.5165946873999999
2123,4.7406974
2124,0.75301015
2125,1.9653717
2126,0.9792458444
2127,0.9786542
2128,3.257446103
2129,0.750524606
2130,1.1799281
2131,1.0846022
2132,1.1247345663
2133,3.0443554
2134,0.76543957
2135,2.5892838
2136,5.5367504
2137,2.0383592
2138,2.4371586
2139,2.29629189
2140,7.3354474
2141,5.847294016
2142,0.39345667
2143,0.30492356
2144,1.2508796
2145,3.2212114
2146,4.3873987
2147,2.5726292
2148,0.30582730810000003
2149,3.6349974
2150,2.6421022
2151,2.3893857352000003
2152,1.2244960485
2153,1.2629477
2154,1.1383442
2155,1.8134623
2156,1.994996
2157,4.4943967
2158,0.25959486137
2159,4.503643715999999
2160,1.5341216
2161,0.318758612
2162,2.3129148
2163,1.5446696910000002
2164,0.20842031830000002
2165,3.1330843
2166,0.716555
2167,2.7542844
2168,3.3772268
2169,0.9122815
2170,2.653976
2171,1.5357203
2172,0.739987101
2173,9.080182
2174,5.0918508
2175,0.6455476
2176,6.5590787
2177,5.006312
2178,2.9633846
2179,2.164718
2180,0.2628355
2181,1.7275645
2182,2.14107
2183,1.6116948
2184,1.1778507
2185,1.3807052
2186,5.3875074
2187,1.8221956
2188,2.4207287
2189,9.426418
2190,2.1769457
2191,0.6650167739999999
2192,2.5784665999999996
2193,2.5148728380000005
2194,6.2194633
2195,0.2269995713
2196,2.8325331
2197,0.37904325
2198,2.6109576
2199,7.921734
2200,0.6451361
2201,0.20733054
2202,1.2103609
2203,2.1537259
2204,6.014528
2205,1.1009139
2206,7.5112576
2207,3.4418957
2208,3.0197656
2209,1.1165596
2210,0.3485180808
2211,6.024812
2212,1.234384841
2213,0.18389314
2214,7.5735836
2215,0.5350272
2216,4.284124
2217,2.2507102
2218,0.97771951
2219,4.1800602023
2220,0.11055643
2221,2.2596803
2222,0.2843859003
2223,4.045082809
2224,4.3200774
2225,2.4370642
2226,0.4559767
2227,3.505531
2228,1.69103942135
2229,0.45510364
2230,6.056162
2231,0.045164105
2232,5.533933
2233,0.6073167
2234,2.9951577
2235,3.1829143
2236,0.6416155175
2237,8.186022
2238,0.865277176
2239,0.48713329393
2240,11.358051
2241,0.46771932
2242,0.53484404
2243,0.29050934
2244,0.15862043
2245,5.3113294
2246,0.6953453
2247,6.9877504736
2248,0.27908742
2249,1.6715846
2250,0.5154445
2251,1.2756246
2252,0.7458785
2253,0.1695606434
2254,2.27362
2255,1.5710508
2256,4.63173879
2257,7.8007226
2258,4.901574
2259,5.022360915
2260,0.5639103
2261,3.9848285
2262,2.195857
2263,6.1160474
2264,2.2748384
2265,2.6238811
2266,3.2299838
2267,5.14110496
2268,0.6892634
2269,0.52682192
2270,1.9457968
2271,1.6446095
2272,2.0187201
2273,1.3263042
2274,0.6231127
2275,1.6542791110000001
2276,0.31157547
2277,3.617733
2278,3.6686513
2279,10.38232
2280,0.9951261499999999
2281,3.4045982
2282,0.48721227
2283,0.19270304
2284,1.57818868
2285,0.7438348
2286,1.06905622
2287,1.1647891
2288,1.3721361
2289,5.594089786
2290,1.5990331
2291,2.0513058
2292,2.3751829
2293,1.7013896
2294,1.9560276
2295,4.049786
2296,0.25870648
2297,5.3964543
2298,5.6152277
2299,0.62813884
2300,0.1147280718
2301,1.8047813
2302,2.2598524
2303,2.6521342
2304,6.1044292
2305,1.1775206
2306,2.5698974
2307,1.8663633
2308,2.9084086
2309,0.36049786
2310,1.724381798
2311,2.049017685
2312,1.4449991
2313,0.82675415
2314,1.4524235
2315,4.946475
2316,3.4637775
2317,0.6037634
2318,0.016669003
2319,2.8494555083
2320,1.8101562
2321,3.4859746
2322,3.434092
2323,1.4344269
2324,2.8957183399999997
2325,2.3169222
2326,2.5464659
2327,1.1077207
2328,1.0736759
2329,1.0610203
2330,6.4335876
2331,1.8577625
2332,0.3192609
2333,0.4446958
2334,2.452923
2335,0.12910742
2336,2.086847
2337,7.348021846
2338,0.0315606296
2339,1.6926618
2340,0.95882684
2341,2.22824
2342,0.7722186
2343,3.418231247
2344,3.0236912
2345,3.6655865
2346,3.4596758
2347,1.2800846
2348,1.8908392
2349,1.11037321014
2350,0.283849
2351,2.9352668630000003
2352,2.371251
2353,2.3209388
2354,1.1343833
2355,0.89499855
2356,0.7963858
2357,0.7828739
2358,0.10645898
2359,1.3801494
2360,1.3640906
2361,8.024432
2362,0.21317114
2363,6.08220843
2364,3.0165737
2365,5.6257486
2366,1.6522328259999999
2367,1.934036917
2368,0.08852947
2369,1.7380089
2370,1.8303059
2371,4.5821977
2372,1.3421348
2373,4.6041574
2374,1.103500197
2375,2.3014698
2376,1.553505
2377,3.2525942
2378,2.8827517
2379,0.8608701
2380,4.115165
2381,1.1358194
2382,0.36820775
2383,3.489315894
2384,1.5893757
2385,2.3983054
2386,1.6968267
2387,0.27990955
2388,0.957332505
2389,1.8371959
2390,1.4053864
2391,3.5720217
2392,1.9968609
2393,0.82259524
2394,2.6016099
2395,1.3281012
2396,1.7998893
2397,2.2037334
2398,8.963626
2399,1.1328767260000001
2400,1.4527961
2401,2.502311744
2402,1.1484258
2403,4.567543
2404,0.90129720062
2405,2.9163728
2406,2.4106457
2407,7.43704
2408,0.9006223
2409,1.0043622
2410,1.16237
2411,0.479043474
2412,1.3498062
2413,2.2413853144
2414,0.01496928
2415,4.4640684
2416,1.0981432
2417,1.02127985
2418,0.548782
2419,3.2100290200000003
2420,0.87210375
2421,4.756265
2422,1.0257427
2423,0.97998655
2424,1.418129155
2425,0.49475092
2426,0.5260967
2427,0.44125023
2428,2.822453129
2429,2.9424431
2430,0.55261487
2431,1.4887209
2432,2.8162407099999998
2433,1.8264325
2434,0.27011876
2435,4.5247593
2436,0.95104873
2437,0.50060064
2438,2.5994844
2439,1.0789838
2440,3.2850337
2441,0.9494389
2442,1.080949596
2443,2.8113198
2444,3.449813
2445,1.8630621
2446,2.02945
2447,1.5278944
2448,1.6342887
2449,2.6264346
2450,1.2611547
2451,1.1922554
2452,1.7579484
2453,2.2430258
2454,2.6755402
2455,4.9932385016000005
2456,3.2895617
2457,1.4455168
2458,2.5851057
2459,2.2638438
2460,6.344333
2461,1.9132372
2462,4.749605
2463,2.16121
2464,2.8974185
2465,2.4134858
2466,2.735716
2467,2.1017954
2468,0.9329469
2469,1.456423
2470,3.169176
2471,1.600844696
2472,2.4093141015999997
2473,1.397275
2474,2.2182366592
2475,1.1292895
2476,0.029613724
2477,2.2798727
2478,0.29573584
2479,0.6074511060000001
2480,1.2808614314
2481,0.27221844
2482,0.31971002
2483,1.4288018
2484,1.3046999
2485,2.3665571
2486,0.8690188
2487,0.74696493
2488,0.99487346
2489,1.894477
2490,4.14631779446
2491,3.0164094
2492,0.5487702
2493,2.4358242
2494,1.50646956
2495,0.28425664
2496,0.9900933
2497,0.59085338
2498,1.4135829
2499,0.031532876
2500,4.0582714
2501,2.160625085
2502,3.9508693
2503,2.513611045
2504,0.6116529
2505,0.85881513
2506,6.204519
2507,2.6601536
2508,5.508452
2509,1.0471956
2510,1.4577726
2511,0.22377582
2512,2.9641116
2513,0.95298225
2514,0.116119812
2515,2.0794601
2516,1.6340628
2517,0.18936044
2518,0.07193193
2519,0.821796
2520,2.524717167
2521,2.2885625
2522,1.964069
2523,0.4959777
2524,2.1183858
2525,0.15420799
2526,1.690601
2527,4.9597692
2528,0.78044933
2529,1.113949003
2530,4.604134
2531,0.30479297
2532,3.1655064
2533,1.2185056
2534,0.209351226
2535,2.8929043
2536,2.7719295
2537,1.94390299
2538,0.5039335540000001
2539,2.4161322
2540,0.3158501
2541,1.9610456
2542,2.774784473
2543,0.11253265
2544,1.0261307
2545,2.5156698
2546,0.6322412
2547,1.5636482
2548,6.071873
2549,3.6313417
2550,0.80095667
2551,0.4721307
2552,0.81704736
2553,1.1782627
2554,2.8624637
2555,1.7580003
2556,2.393722
2557,2.915976512
2558,2.3296282
2559,0.43600842
2560,2.8444252
2561,2.2461476
2562,1.2057978
2563,3.053846
2564,0.9553379
2565,3.852059
2566,1.5634062
2567,4.015959
2568,1.2610802006
2569,1.878168026
2570,0.773932
2571,6.0271864
2572,1.8656996
2573,2.341418523
2574,4.340034
2575,1.5143154
2576,1.4569148
2577,1.4202492
2578,3.849507451
2579,1.6427878
2580,0.5822983
2581,2.1139572
2582,0.48747993
2583,1.7682055
2584,9.084824
2585,1.2932341429999998
2586,3.916913
2587,0.40063773005000003
2588,0.20371975
2589,4.8066235
2590,1.1111121
2591,4.1294265
2592,3.2049100879999997
2593,1.007623
2594,1.2050128
2595,1.5433091
2596,1.7231624
2597,1.4745096
2598,0.50648713
2599,0.55097574
2600,3.0309794
2601,0.29812232
2602,2.4811332
2603,0.23246675379999998
2604,7.192216
2605,3.2983482883
2606,1.6795274
2607,0.16088176
2608,1.8157104
2609,0.053989004
2610,3.1789713
2611,0.22524098
2612,0.5975373
2613,3.3778214
2614,0.20671831
2615,2.0288547975999998
2616,0.114424236
2617,9.1967849
2618,1.7834264
2619,0.64953345
2620,6.534327
2621,1.1859075467
2622,1.9946535
2623,0.16137032
2624,3.4437947
2625,3.2272363059
2626,3.8632834
2627,2.408186
2628,3.8895352
2629,0.7733887
2630,0.083930776
2631,1.1408552
2632,1.8874657
2633,1.49985168
2634,0.70373416
2635,4.172295
2636,5.9260945
2637,1.9929413
2638,0.8709866211
2639,4.69669
2640,2.0075729548
2641,1.0260671
2642,1.9200555
2643,6.965883
2644,1.43264
2645,0.12823251
2646,3.6891952674999997
2647,0.6090569389
2648,3.921354517
2649,2.3167775
2650,0.4510896
2651,1.5179752
2652,2.4307249
2653,1.7266045
2654,0.6140961822000001
2655,3.6151063
2656,1.2746584
2657,0.7295056
2658,0.39730309175999995
2659,3.2138708
2660,4.142618
2661,1.9332263
2662,5.4111335428
2663,5.2859387
2664,2.335182
2665,0.8481441
2666,0.89265096
2667,0.74173677
2668,1.20019147165
2669,1.887931392
2670,1.44054496584
2671,2.9361007
2672,0.5881874938
2673,4.413341
2674,0.041119276
2675,3.0897453
2676,4.5691385
2677,0.5570512
2678,1.0020719
2679,1.9131811
2680,2.7361898
2681,1.5509707
2682,2.1573958
2683,0.9628774
2684,3.123388
2685,0.9044839
2686,3.7627149
2687,4.500770096999999
2688,2.320053
2689,2.1958194
2690,2.0710642
2691,0.84910756
2692,0.9569186
2693,2.0722048
2694,0.77111506
2695,0.005135928
2696,1.4822853
2697,4.231453
2698,1.0759945
2699,1.3373647
2700,4.3827662
2701,3.054182
2702,3.856103
2703,0.9097151258000001
2704,0.92234373
2705,1.8823979
2706,5.732624637
2707,2.230873419
2708,3.6051072213
2709,0.78976226
2710,1.6452566
2711,0.07649203
2712,3.7526424
2713,2.149162331
2714,0.26135725
2715,6.1895275
2716,0.9454102
2717,2.7694945
2718,0.7220243
2719,0.6788345
2720,4.4493895
2721,1.4634036794
2722,1.8668334
2723,3.4225899699999998
2724,1.7006806
2725,6.6872926
2726,0.05369122
2727,5.4545193
2728,5.758257459999999
2729,4.345153
2730,3.185433
2731,3.0767045
2732,0.6813161
2733,1.481376
2734,1.9669944
2735,1.8531324
2736,3.082385666
2737,3.1332695
2738,3.3476193
2739,0.4257074
2740,2.6447535
2741,0.47671072999999997
2742,0.6972169
2743,0.474088045
2744,3.2011962
2745,0.49238166
2746,0.58314866
2747,3.98742293
2748,1.6162983
2749,0.125201511
2750,2.8836193
2751,1.0559593
2752,10.2782955
2753,2.143401
2754,0.631520469
2755,0.71611446
2756,3.7894053
2757,1.9886906
2758,6.6924663
2759,4.156686946000001
2760,4.0973105
2761,5.758673
2762,0.5066175
2763,3.3220232
2764,6.617652218
2765,1.2505158
2766,0.18374084
2767,1.91541201
2768,2.1167114
2769,0.6492538
2770,0.95955163
2771,2.7366815
2772,0.56560206
2773,0.5510111
2774,5.2928877
2775,4.86783
2776,3.8369458
2777,0.7389779
2778,5.664688
2779,1.2640254
2780,6.2214284
2781,2.7314611135
2782,5.042989
2783,1.434208719
2784,2.0948641
2785,0.48615263846
2786,0.47069067
2787,1.6362954
2788,3.1520333
2789,0.60115415
2790,2.2570212
2791,1.5694185
2792,0.45714313
2793,6.837365
2794,1.038807917
2795,0.6044937
2796,0.34392887
2797,5.8413515
2798,1.8795866
2799,2.7600696
2800,0.3158366
2801,0.9746343630000001
2802,2.3772451230000002
2803,1.7594224
2804,3.1129112
2805,0.060044117
2806,1.4104959
2807,0.42390084
2808,1.2643739
2809,2.336088
2810,0.7667552738
2811,4.3794367
2812,1.1689361
2813,2.4805165
2814,1.0435294
2815,0.4570148
2816,9.373058
2817,0.15259313916
2818,1.377707331
2819,1.9749072
2820,4.4048696
2821,3.8699837
2822,2.751342552
2823,0.63831645
2824,4.4349356
2825,3.4103787
2826,2.974393
2827,3.1986532
2828,0.9280100960000001
2829,6.9729257
2830,4.336989
2831,0.7129888
2832,5.5671363
2833,0.04206122
2834,1.7244843
2835,4.9950733
2836,0.97038406
2837,2.8142774
2838,0.27588493
2839,8.883021
2840,0.6060749
2841,9.228369
2842,2.4683065
2843,1.6534
2844,0.43620053
2845,1.617027295
2846,1.2964575
2847,2.01406315
2848,0.19395334
2849,5.451782
2850,1.3982772
2851,2.6923258407
2852,0.08815034
2853,4.608373335
2854,1.6478086028000003
2855,0.87869686
2856,0.984558319
2857,2.37775424545
2858,2.029302233
2859,1.2113698
2860,2.361016597
2861,1.2235942
2862,1.6408842
2863,1.70184
2864,3.3097596
2865,1.6341066
2866,1.1874424
2867,7.367411
2868,1.776225813
2869,1.4318854
2870,1.9347623174
2871,3.18995698
2872,2.7699187
2873,2.55108431353
2874,5.190925
2875,2.9317908
2876,1.010282
2877,7.2399883
2878,2.9683743
2879,1.7564013
2880,3.1914127000000003
2881,3.661861733
2882,3.8508351469999997
2883,0.11844961
2884,6.612609
2885,1.2150044
2886,0.8371733
2887,0.49641606
2888,4.5617046
2889,7.9499574
2890,1.4037697
2891,1.711973894
2892,2.3923593
2893,7.0116153
2894,0.56122017
2895,2.048028
2896,7.246278
2897,4.33755827
2898,5.7220993
2899,2.7851489
2900,0.14466731
2901,8.069051
2902,0.025410023
2903,0.795829
2904,0.14925939
2905,0.82094324
2906,3.9182692
2907,0.047732864
2908,2.3334332
2909,4.1077085
2910,1.8092703
2911,1.2793778
2912,0.38804368204
2913,4.234911
2914,0.83102506
2915,2.3648753
2916,1.6571286
2917,4.957432
2918,0.30878326
2919,3.4955883
2920,4.191963
2921,0.61890507
2922,2.244196
2923,2.6822474
2924,1.9596918
2925,1.555040804
2926,10.8609854
2927,3.7921412
2928,1.4863865
2929,1.1024202783000001
2930,1.9543792
2931,0.062177304
2932,0.6353563
2933,1.3742907
2934,2.6336763
2935,0.13215141
2936,0.2852569
2937,1.410989
2938,0.99522994
2939,3.4426577
2940,1.673504
2941,0.08701926
2942,3.7745123659999997
2943,0.12218575546999999
2944,5.20204968993
2945,2.889012
2946,4.702932
2947,4.183079
2948,2.7694745
2949,2.7673597
2950,6.14883783
2951,3.3918207
2952,0.1668676
2953,4.853836
2954,2.1696086
2955,2.1620216
2956,2.699755
2957,2.4256587
2958,3.5297914
2959,2.20878
2960,2.0071142
2961,1.461999665
2962,0.7496225900000001
2963,1.5567884
2964,0.41055727
2965,1.4654899
2966,3.2993398
2967,0.70831084
2968,3.321756642
2969,3.782125
2970,0.29588044
2971,1.1778653
2972,1.2058537450000002
2973,3.73298115
2974,1.5866246
2975,1.622868
2976,4.8109007
2977,2.1476815
2978,4.3773384
2979,1.0728977
2980,0.516718
2981,2.7468417046
2982,4.5670166
2983,2.4260278
2984,0.88470685
2985,0.364133
2986,2.2504184
2987,3.6084514
2988,3.7924774
2989,2.965035
2990,4.703154
2991,2.3703146145000002
2992,2.5525024
2993,0.5126162
2994,1.7324591
2995,1.01381275
2996,2.3406047665
2997,8.087615
2998,0.13679351
2999,7.8936086
3000,1.2496806
3001,2.7505581
3002,1.813659335
3003,0.18906704
3004,4.4181776
3005,0.8524776
3006,0.787934614
3007,2.2085178
3008,3.9211993
3009,4.8952865055
3010,4.35991
3011,0.17137733
3012,0.32776913
3013,5.4734473
3014,4.0475474513
3015,0.1261714
3016,0.58239824
3017,0.60224706
3018,2.0274086
3019,4.0033684
3020,0.16797744769999998
3021,0.7517798
3022,1.938596
3023,1.4492391
3024,0.16418622
3025,0.26237622
3026,1.6128824
3027,4.0941615
3028,3.6772125
3029,0.3023092
3030,0.631946394
3031,2.002058055
3032,0.8466259
3033,6.5588403
3034,1.33088535425
3035,0.82028335
3036,2.741292
3037,3.363847
3038,3.4570368323
3039,1.7886238
3040,4.7458944
3041,0.38296098
3042,1.7744259
3043,5.79614469
3044,0.44920817
3045,1.39128
3046,2.6591892
3047,22.14541848752
3048,0.94046755
3049,1.730498
3050,1.0545087
3051,0.5300572
3052,2.5722594105
3053,2.612674
3054,1.0732077
3055,0.7723245447
3056,2.9505553
3057,3.630513
3058,5.1153437796
3059,5.2461395
3060,4.0430984
3061,1.6430191433
3062,10.012702
3063,0.4851824
3064,0.048312984
3065,0.20543762
3066,5.63173
3067,1.0115281
3068,0.41117802
3069,1.1473066
3070,0.26299748
3071,1.8606353
3072,1.5493895
3073,3.7014716
3074,1.0329516
3075,3.24084671
3076,0.93821645
3077,3.7367554
3078,5.5084133
3079,0.7771067406
3080,0.21138898
3081,4.46216
3082,2.1963116352
3083,6.1150937
3084,0.27431783
3085,3.3489254
3086,1.4513859
3087,5.810763
3088,1.1495078
3089,1.434037
3090,1.082518096
3091,0.14744979
3092,0.31546232
3093,0.70054615
3094,2.754194855
3095,2.0990763
3096,3.405262
3097,1.6845986
3098,12.234005
3099,0.19950622
3100,1.0722436
3101,1.3782877
3102,1.8631978
3103,0.0857884
3104,3.7666838
3105,2.791994
3106,0.6950158241000001
3107,0.118221834
3108,2.2596612
3109,0.7040537
3110,0.41085717
3111,3.01658
3112,3.8404813
3113,0.76426602
3114,0.9545486
3115,6.481614
3116,5.3439065715
3117,2.5978215
3118,1.309350286
3119,4.2027736
3120,2.195293
3121,2.8116247652
3122,2.8885467
3123,0.81116724
3124,1.0644213
3125,2.030283412
3126,0.02485761
3127,0.43575338
3128,1.2934897
3129,0.94975716
3130,0.22694091
3131,0.8590173
3132,8.781698
3133,2.8307417043
3134,2.1829078
3135,7.9588704
3136,3.338608
3137,1.7677854
3138,1.7615031
3139,0.44108808
3140,2.398089
3141,3.1624596
3142,1.23241526
3143,0.8297199
3144,1.0464401
3145,2.3344008200000004
3146,5.320251
3147,1.3350613
3148,1.1092364
3149,2.1258674
3150,0.100822827
3151,1.2340153
3152,3.2355452
3153,6.132208
3154,3.7042599
3155,3.0757794947600003
3156,0.96548414
3157,0.68520236
3158,1.2447276
3159,0.7570399
3160,2.751956
3161,1.7127606
3162,2.489698
3163,4.326678
3164,2.3768666
3165,1.9971963
3166,1.766441
3167,3.7163987
3168,2.4589825
3169,1.4367571477
3170,1.4562522
3171,2.5600243
3172,0.5778277
3173,1.0151639
3174,1.7373292
3175,1.306877364
3176,4.1984973
3177,1.306841352
3178,6.6437373
3179,1.2913073
3180,1.9022544959999999
3181,0.050091576799999996
3182,2.190809913
3183,4.4139733
3184,1.0390458
3185,0.27521694
3186,4.7479269
3187,0.41400656
3188,0.70605771975
3189,1.1539291
3190,5.1031334
3191,1.8417956
3192,4.041706064
3193,2.3738968
3194,0.07077862
3195,5.9299564
3196,1.9268295062999998
3197,2.3215954
3198,5.5630418356
3199,0.31353176
3200,4.9050393
3201,9.131744871999999
3202,4.2515154
3203,0.6829087
3204,4.3845906
3205,3.6731346
3206,2.8858352
3207,4.2928834
3208,5.7626996
3209,1.5046546
3210,0.4482821
3211,1.982153872
3212,2.7083871
3213,2.3543296
3214,0.7355616736
3215,7.2487345
3216,0.020360498
3217,2.1005926
3218,2.3972418
3219,5.75501466
3220,2.693167
3221,1.3014073
3222,1.0534582
3223,2.2049503
3224,0.3294413232
3225,0.04016101
3226,2.8310471440000002
3227,2.626348298
3228,4.411604
3229,0.35674497
3230,2.5346498200000003
3231,2.8427718
3232,0.16328643
3233,0.40842029009999997
3234,4.142135
3235,0.783304689
3236,0.8163333
3237,1.1285394
3238,0.64950633
3239,3.7618446
3240,2.1457812594
3241,2.6002398
3242,0.6799431
3243,2.1790468175
3244,2.8557038
3245,0.69600713
3246,1.0400042657
3247,1.49108424342
3248,1.3497542075
3249,5.3269777
3250,2.1262105
3251,0.76091963
3252,2.1739357
3253,2.7923258474999995
3254,0.31495973
3255,0.58148192239
3256,1.6731929
3257,0.98397416
3258,0.17974581
3259,3.679354
3260,0.3627363
3261,3.530127
3262,3.9631045
3263,1.8477852
3264,0.35573706
3265,1.8395644
3266,3.0028579186
3267,1.8724039
3268,1.2197251
3269,4.464612
3270,1.2957758
3271,5.681267699
3272,6.9200644815
3273,0.7542961
3274,0.7780468
3275,1.0272582
3276,0.54747397
3277,4.8977766
3278,0.906015
3279,0.7852137
3280,3.9740741
3281,2.988073
3282,4.96741
3283,1.3657838245
3284,3.0295558
3285,4.4962463
3286,2.3464375
3287,1.9007359
3288,1.241149415
3289,5.1395054
3290,2.21573
3291,2.4249146
3292,0.9620757329
3293,1.5852392
3294,0.7327978
3295,2.636373
3296,2.7261279199999997
3297,4.568237
3298,2.40392
3299,1.3795667
3300,0.38221917
3301,0.98830247
3302,3.8915913
3303,2.5346444
3304,0.27936253
3305,1.2542515745
3306,0.5001763
3307,1.61558806943
3308,0.43612522
3309,5.0996966
3310,1.1820886
3311,0.483839891
3312,0.58831555
3313,11.081035
3314,1.6310428
3315,0.6529776142
3316,1.3253739
3317,7.768401
3318,2.8153636
3319,2.1736448
3320,2.0591407
3321,2.899511
3322,0.21361916
3323,1.7117779
3324,0.70307064
3325,1.1784654
3326,1.8893591
3327,0.9906672
3328,2.2461107
3329,2.4566774
3330,0.8780040482
3331,1.65724039502
3332,0.4451157314
3333,1.9383112
3334,7.096532548
3335,0.5763265
3336,1.696761
3337,1.3936539815000002
3338,0.762258
3339,2.9908848
3340,0.841336838
3341,2.0126088
3342,0.5011799
3343,1.6157296
3344,0.149709399664
3345,0.9061861
3346,1.611092
3347,0.7359599
3348,4.6205344732
3349,1.1617975199
3350,0.0317013792
3351,2.6307168
3352,0.40269652
3353,0.85529995
3354,2.2575693
3355,2.2740827
3356,3.418050596
3357,2.9747007
3358,1.6446257
3359,1.332008035
3360,1.0143826
3361,0.18967102
3362,0.28039086
3363,0.7388183
3364,6.9703374
3365,0.58073246
3366,0.20596574
3367,2.457725
3368,4.2081408268
3369,0.24048534
3370,4.061382
3371,2.4284794
3372,0.53244782498
3373,0.039837057
3374,3.198293
3375,3.6530337
3376,3.465077
3377,0.9506263
3378,1.4519581
3379,1.7140305
3380,0.6654649
3381,2.6451957
3382,3.6622908030000003
3383,2.5133512
3384,1.0669347
3385,5.724821544
3386,0.6485077
3387,3.6765573
3388,0.8046392
3389,2.177755
3390,0.5080758
3391,1.3776954333
3392,3.1376982
3393,2.388693
3394,2.293246986
3395,3.394903
3396,0.055993186019999995
3397,1.7994508
3398,0.9226447
3399,1.7281531
3400,0.35810468
3401,1.8581287
3402,3.0487452
3403,2.309494467
3404,5.5344143
3405,4.9250283
3406,0.4237337
3407,2.9659966200000003
3408,0.40244110600000005
3409,6.439141
3410,1.9868233303
3411,0.8348202924
3412,0.461544
3413,0.44388944
3414,3.5931973
3415,2.6989244609500003
3416,5.4477057
3417,1.4960519637
3418,3.624423
3419,2.7601827154
3420,0.18576472
3421,5.635563
3422,1.2119565
3423,2.2865784
3424,1.924047
3425,0.088931486
3426,0.78595424
3427,1.5696441
3428,0.742183
3429,0.51173156
3430,0.09857598
3431,0.5094629
3432,0.3600453
3433,0.15922797
3434,1.2326581
3435,6.6091442496
3436,1.7880708
3437,2.424622
3438,8.329758
3439,1.6637844
3440,0.09499939410000001
3441,0.18532114
3442,2.02486605685
3443,1.6891133
3444,0.68037397
3445,2.7471437499999998
3446,4.7625284
3447,0.62186396
3448,0.095352404
3449,3.802722782
3450,0.47922165
3451,1.1832471
3452,0.22483249
3453,0.3823134
3454,4.0895634
3455,3.9840714999999998
3456,0.6812322
3457,0.49692604
3458,1.8482023
3459,1.03395781
3460,6.700392
3461,2.108586513
3462,2.8137538
3463,0.21412109040000002
3464,2.8651948
3465,1.4484586456000001
3466,0.6410318
3467,1.105823384
3468,3.0691877460000003
3469,1.9972236
3470,2.5101357
3471,5.3163847653
3472,2.1098313
3473,2.1363957
3474,2.9757283
3475,7.8409867
3476,0.816574
3477,0.49643406
3478,0.3779614
3479,1.6502167
3480,0.21815625
3481,1.4480059
3482,0.8910346
3483,1.3361014
3484,4.4573927
3485,0.5198253
3486,0.08510711
3487,7.5171304
3488,0.09899363
3489,5.1098704
3490,2.6361418
3491,2.6408036
3492,4.495688
3493,4.4188967
3494,0.53435266
3495,2.5667994
3496,0.4968201
3497,0.2752447603
3498,7.7273216
3499,2.22536994
3500,1.0852536
3501,0.87712294
3502,6.692018
3503,3.3931587
3504,2.3631954
3505,2.9535894
3506,3.67906078
3507,5.0309763
3508,1.2608815
3509,7.9396954
3510,1.1995384
3511,1.71108701
3512,1.9756099
3513,0.38789505
3514,0.44850382
3515,2.3618596
3516,2.9512683159999997
3517,1.6102937
3518,0.4024421
3519,0.25319302
3520,0.14715834
3521,0.5896125
3522,0.5726101
3523,0.90069234
3524,0.38211843
3525,3.529917
3526,2.8501832
3527,4.8769436
3528,2.09249063
3529,3.399705
3530,1.8263769
3531,3.9897304
3532,3.2828815
3533,0.34616104
3534,0.6041492590399999
3535,2.435079858
3536,4.5096364
3537,1.749686801
3538,9.39212
3539,5.9415913
3540,1.507762
3541,0.017325522
3542,0.8805364
3543,6.5704455
3544,0.62598956
3545,0.08359284
3546,4.3173075
3547,2.3368997289999998
3548,0.33616164
3549,1.5514331467
3550,3.0343277
3551,1.0672474
3552,5.014157
3553,1.010254944
3554,0.868727723
3555,0.75432605
3556,3.2329426
3557,0.70463824
3558,4.189071
3559,1.853491
3560,1.3735893
3561,0.9748076
3562,1.2479875
3563,5.823558
3564,2.1552637
3565,0.19408925
3566,3.1538405
3567,1.0334416942600002
3568,1.9220823
3569,0.90390235
3570,3.1105855
3571,1.0908301
3572,2.7281535
3573,0.082373254
3574,0.72191995
3575,1.1498808
3576,1.7196935
3577,1.8555899
3578,0.8445566
3579,0.13627404999999998
3580,1.9907326
3581,0.4194342193
3582,4.335204
3583,0.4081654
3584,5.2208014
3585,3.921927375
3586,1.4390432
3587,0.4528606048
3588,1.9269847
3589,1.8587474
3590,2.4296758
3591,1.143598227
3592,3.0729082
3593,1.003914
3594,1.7885388
3595,3.4527886
3596,0.59986955
3597,0.23242661
3598,0.39605132
3599,1.609095169
3600,0.40563673
3601,3.2829328
3602,1.7253017
3603,0.08936545
3604,2.7180595
3605,0.65217924
3606,0.9920744444999999
3607,0.13868557
3608,1.434879
3609,0.27310842
3610,3.246209595
3611,1.7440503
3612,0.92407787
3613,1.496484813
3614,0.53534335
3615,2.69977414
3616,3.3684897
3617,0.55570389154
3618,0.28147894
3619,4.814527
3620,6.0268483
3621,0.47097653
3622,3.4579756
3623,8.920744
3624,1.9972236
3625,3.5985107
3626,3.789633355
3627,1.04486723
3628,4.4982357
3629,0.777344594
3630,6.19800837
3631,6.2182884
3632,1.7168795
3633,3.039168
3634,0.081122786
3635,2.2433589
3636,0.06034424
3637,1.2582625
3638,2.6586287
3639,1.8986368
3640,3.8631287
3641,2.621872
3642,0.03032973
3643,0.94925135
3644,1.0342952
3645,1.7657379187
3646,0.16366778348
3647,0.947973377
3648,0.5378937
3649,0.1165066
3650,2.7536268
3651,3.7792091
3652,1.9420819794
3653,0.861020391
3654,0.34130582
3655,2.834842
3656,1.773475296
3657,2.2477565
3658,8.693944013400001
3659,0.64100873
3660,1.3302884
3661,0.1683719
3662,0.058504327700000004
3663,0.27565798
3664,1.0567831
3665,3.6851621
3666,0.70213044
3667,1.0056531
3668,1.8806413
3669,4.106976
3670,6.059123756
3671,2.621962122
3672,0.62831676
3673,1.4200808
3674,0.13302685
3675,0.2364392
3676,3.1437507
3677,0.6970239
3678,3.5995257
3679,6.981659
3680,0.025163315265
3681,6.025225
3682,0.2802792123
3683,1.8510573
3684,6.0570717
3685,1.9701575
3686,1.4536664
3687,4.3711457
3688,3.1825144
3689,2.491359
3690,1.8332396
3691,1.606702533
3692,0.3441009
3693,0.66272056
3694,2.810494
3695,2.789223
3696,3.82139
3697,3.2437856
3698,2.480233334
3699,3.3678575
3700,2.7776504
3701,1.0238605362
3702,3.924499
3703,2.9313483
3704,0.23385569455
3705,3.9668293534999997
3706,3.1167871160000002
3707,2.0282629
3708,1.7266673300000002
3709,1.1594603
3710,0.9112717
3711,4.869331900000001
3712,2.6253963
3713,2.7575958
3714,2.5226645
3715,0.1351848753
3716,1.5871246
3717,1.6857050189
3718,2.7679283741
3719,0.21792772
3720,1.273845146
3721,6.216578
3722,0.4960731956
3723,0.3420861
3724,2.5389464
3725,1.201052
3726,0.7235492642
3727,1.5569128
3728,7.358904
3729,2.484268
3730,4.46087
3731,1.1187155
3732,0.11840438
3733,1.646133
3734,0.34291387
3735,0.027762393
3736,2.6264863
3737,3.0958862
3738,1.0911525
3739,0.16207024120000002
3740,7.0143805
3741,3.6477375
3742,0.1809567
3743,3.4365313
3744,2.9651392
3745,1.2301652
3746,0.98779774
3747,1.1292043
3748,0.28146875
3749,1.6450269
3750,0.46364442
3751,2.177131
3752,2.2585468
3753,6.496641
3754,0.67462045
3755,7.5759125
3756,0.25857526
3757,0.15010951
3758,0.37685204
3759,0.17151791
3760,2.1426156
3761,2.0852895
3762,2.7377987
3763,1.9343931719999998
3764,1.9654589
3765,4.3374358299999995
3766,0.19483946
3767,1.5348147
3768,5.1952213767
3769,0.9841631307
3770,6.728372
3771,14.184314700000002
3772,3.118565
3773,0.3360296
3774,1.4200732
3775,1.4630296
3776,1.2759457
3777,8.12574889
3778,8.276703
3779,0.77196735
3780,1.6669883
3781,3.8882887
3782,3.8063264
3783,0.56078213
3784,0.9683272
3785,2.0928519
3786,1.6012092
3787,0.484827
3788,3.9789615
3789,3.464308627
3790,1.26726939606
3791,1.865516086
3792,1.0723279
3793,2.480807
3794,1.021301099
3795,2.2132223
3796,1.6257212
3797,2.0014565
3798,0.9880197700000001
3799,3.0727625
3800,1.050598
3801,1.4427572
3802,5.0873265
3803,3.7070534744
3804,34.152385800000005
3805,1.5456519
3806,0.7120087
3807,2.1816635
3808,1.959889
3809,1.4395494797
3810,1.7832208
3811,0.30531368
3812,2.3413005
3813,2.8408592
3814,0.43761316
3815,0.40131903
3816,0.48525
3817,2.0981069
3818,1.0990019
3819,1.969636
3820,2.185698
3821,0.06678596
3822,0.9751139
3823,1.3506291
3824,5.0696287
3825,4.3937635
3826,0.28164378
3827,5.056213
3828,1.3463608
3829,2.0689878
3830,8.149446
3831,0.56765771
3832,0.8551563
3833,1.143512
3834,4.5744042
3835,0.63552463
3836,3.630467
3837,0.24209120462
3838,1.20526882
3839,1.9362535
3840,0.3206501
3841,2.078649
3842,1.047370275
3843,0.20415676
3844,1.2559699
3845,2.97323747
3846,1.3458781945
3847,0.5223629
3848,0.9214325641
3849,0.661007
3850,1.78141
3851,2.7551835409999996
3852,0.7069549
3853,2.5468013
3854,1.8555466
3855,0.29985952
3856,1.5039562
3857,1.0586313
3858,1.3055813
3859,0.550946853
3860,5.77725913
3861,0.19741432
3862,8.71497347
3863,3.7095249
3864,0.3174076
3865,3.1534579
3866,4.0249724
3867,0.89967126
3868,1.056967
3869,0.7976279
3870,3.6011255
3871,1.7968893
3872,0.94428235
3873,2.1953363
3874,0.63116366
3875,0.1299775
3876,1.937356
3877,0.026172342
3878,3.7043905
3879,1.4466748
3880,0.50993514
3881,2.7671229000000004
3882,1.7421073
3883,1.3225228
3884,2.941652
3885,2.5739474
3886,5.533789
3887,0.28367332
3888,2.860933
3889,1.8226794
3890,3.3321348852
3891,0.36624467
3892,1.5579494
3893,4.548736
3894,4.199303
3895,5.7583528
3896,0.032875918
3897,1.9499102313
3898,1.646137
3899,4.3593235
3900,1.413407143
3901,0.7654743
3902,1.508737765
3903,1.2802854
3904,1.5101516
3905,2.7900324
3906,2.3990682411
3907,2.53958616
3908,2.1478622
3909,0.7969639
3910,0.7636189663999999
3911,3.7766932979
3912,2.2163198
3913,0.85542357
3914,0.034891166
3915,1.1186937
3916,0.97330177
3917,5.1622233
3918,0.85638905
3919,1.0173374
3920,1.6999747
3921,0.8188227085
3922,3.6403337
3923,0.0699778373
3924,0.41537803
3925,0.6440656
3926,10.410633
3927,5.00965068
3928,0.8506748769000001
3929,0.42257273
3930,4.6484923
3931,3.5321264
3932,2.3389308
3933,0.19109432
3934,0.030070491
3935,3.7847645
3936,2.5619922
3937,0.09051450300000001
3938,5.993383
3939,3.0929432
3940,0.06662629
3941,0.41041088
3942,0.73650706
3943,5.1282783
3944,1.547319
3945,1.0798914
3946,0.6668415
3947,0.6603379
3948,3.021923
3949,1.5557392
3950,2.446217828
3951,1.6576465000000002
3952,5.088987
3953,2.798508
3954,4.289013
3955,2.7569976
3956,2.1333044
3957,2.003068
3958,0.48161831
3959,2.0225005
3960,0.59737056
3961,2.4896612
3962,7.788503
3963,4.9021077
3964,0.52371615
3965,2.5250592
3966,1.5357260783
3967,0.8133391017
3968,0.964799
3969,0.018078607
3970,2.0619545
3971,1.4498360040000002
3972,2.489411436
3973,0.6176312
3974,3.9263017
3975,0.89768267
3976,0.5630926890000001
3977,17.6344275592755
3978,10.219326
3979,1.3508844431200002
3980,0.7486074
3981,4.8946624
3982,0.15733868
3983,2.4057744
3984,3.0800474
3985,6.9580474
3986,1.3021424
3987,1.978955514
3988,0.97655684
3989,1.2567998
3990,1.3253864
3991,4.0117216
3992,1.5140486
3993,4.2209764
3994,0.4482008719
3995,5.635934
3996,2.4580817
3997,0.09909794
3998,7.9831157
3999,1.8011741808600001
4000,0.9825262517300001
4001,6.6694508
4002,3.1195421
4003,0.0131352255
4004,2.9348335
4005,0.37480655
4006,1.5879648
4007,5.6405683
4008,0.53887844
4009,1.7388508
4010,1.741922
4011,4.670451
4012,1.3937193883
4013,1.6025972
4014,2.7342756
4015,0.43147302
4016,3.2207090854300002
4017,0.045890097
4018,1.8565712
4019,1.4334152
4020,0.8024387
4021,3.825323
4022,0.68315995
4023,0.3542593
4024,1.8890493
4025,0.0837331495
4026,2.2075377
4027,9.568929
4028,0.89079386
4029,2.2974885
4030,0.84532595
4031,2.8420327
4032,0.8814820760000001
4033,3.567598293
4034,1.7261791
4035,1.8656223
4036,0.85875446
4037,4.491383602
4038,0.37073
4039,6.81207
4040,2.8839855
4041,0.28619292
4042,0.812104745
4043,2.7162218
4044,4.50952
4045,8.750536
4046,0.0510547
4047,0.36056514959999997
4048,0.2702972
4049,0.46704492
4050,3.4788312913499997
4051,1.8089162
4052,0.75610065
4053,1.205988151
4054,0.2260245
4055,3.007728
4056,1.3217249
4057,0.33932787
4058,1.2519854
4059,5.951496
4060,0.5080915
4061,2.6458676
4062,1.6991063
4063,4.2720246
4064,1.3562425
4065,0.932453744
4066,0.5471147
4067,6.071737
4068,2.7528987
4069,5.7212095
4070,0.6024649017
4071,3.36997188
4072,5.57800244
4073,2.6452719095000004
4074,0.95209706
4075,2.4447868
4076,2.7624595
4077,0.3781363
4078,4.638965
4079,1.5423346
4080,7.832671100000001
4081,0.85972500395
4082,0.7611988077999999
4083,3.8394225
4084,1.6638931
4085,0.056874245
4086,3.4707885
4087,0.14125107
4088,0.07499654
4089,1.7731503
4090,6.4572644
4091,0.91842186
4092,2.4442306
4093,3.2484376
4094,0.8982397
4095,0.257390184
4096,5.42465
4097,1.2672366
4098,1.442045596
4099,1.6143013
4100,1.4807574
4101,3.5191593
4102,5.895819
4103,0.44539806
4104,1.35692264
4105,6.1279387
4106,0.2443574336
4107,2.164751
4108,2.6600635
4109,0.11973628055
4110,1.892542049
4111,0.94423896
4112,6.610407
4113,0.7130735
4114,0.28095827
4115,0.069336995
4116,3.1286862
4117,3.999596
4118,2.1669188
4119,1.2524792
4120,1.9659162
4121,5.864976
4122,2.4238396
4123,0.13325801
4124,0.14521362
4125,1.6084388
4126,1.2896558
4127,2.0553389
4128,2.8381534
4129,3.7724662
4130,0.82200676
4131,2.2591646
4132,0.17897855
4133,0.571355363
4134,3.1633027
4135,0.7078128637
4136,0.59754485
4137,0.46695068
4138,0.53745973
4139,5.166085
4140,6.2205296
4141,0.14467269
4142,2.149175
4143,1.4407289
4144,1.5421177
4145,0.28015222749999996
4146,1.94495118682
4147,4.578044
4148,0.50650895
4149,3.102858
4150,2.032300265
4151,2.976518
4152,0.08867066
4153,0.6749833
4154,0.63816816
4155,0.31852233
4156,1.342448
4157,2.6471636
4158,0.46133763
4159,0.44349095
4160,0.8631394
4161,1.7991796
4162,3.3395321
4163,1.8055459
4164,0.2407240202
4165,0.9729151
4166,3.6853213
4167,2.2842106680000005
4168,2.8208394434
4169,0.5522676
4170,1.7416277
4171,4.6525497
4172,0.51816076
4173,0.94993293
4174,4.8030767
4175,1.3323324
4176,3.048583
4177,0.03410447
4178,0.938407
4179,1.4123191
4180,5.426778
4181,4.765889
4182,0.44203017603
4183,0.7910338299999999
4184,2.5369492
4185,0.6183055
4186,2.6759272
4187,3.1190665
4188,1.9326696
4189,0.95332664
4190,0.32066983
4191,2.3824448227999997
4192,0.5646669
4193,2.9886405
4194,0.38199920800000003
4195,1.4624726
4196,3.8939924
4197,0.91761506
4198,3.22247812
4199,0.49592963
4200,3.4678833
4201,0.5587204
4202,0.10443773
4203,0.8920086582
4204,5.688126711
4205,2.3918624
4206,2.6353722
4207,6.685128773
4208,4.22882738665
4209,0.6530099
4210,2.1391537
4211,2.3198514
4212,0.436102
4213,2.1548986
4214,0.66148686
4215,2.017308
4216,1.2174988
4217,0.9614842
4218,2.46049646
4219,1.2436526133
4220,2.3892677
4221,1.4579616407
4222,1.4376708
4223,2.7902863
4224,1.7803121
4225,0.122986995
4226,4.5084567
4227,0.33827266
4228,1.3294964
4229,1.517145
4230,1.0216856
4231,0.7884562
4232,3.1046698
4233,0.49133876
4234,0.27216083
4235,5.191128
4236,3.2099771
4237,2.289964
4238,2.158571
4239,2.4240901
4240,0.6357841
4241,8.031590210000001
4242,1.8753936
4243,4.918677
4244,0.35809997
4245,1.2873007
4246,3.6827162920000003
4247,3.161106
4248,0.08063299
4249,0.18482938
4250,11.28101795
4251,3.8072882
4252,2.804386
4253,3.1152112
4254,3.409018
4255,7.4831743
4256,5.793165
4257,4.6855666953999995
4258,1.3005213
4259,0.9808225
4260,6.0344189974099995
4261,3.941299
4262,1.2390709
4263,1.84159767415
4264,3.1018164
4265,0.12638381
4266,0.14060578
4267,9.265558
4268,1.06541839924
4269,7.36254724783
4270,3.232113
4271,1.9183593
4272,0.14436187
4273,1.0793835
4274,1.59367813766
4275,1.1698282
4276,5.08552
4277,1.0563619
4278,0.9726313
4279,0.9926775
4280,3.3517187
4281,1.707530475
4282,6.2734156
4283,6.311666
4284,0.472172
4285,3.475090604
4286,2.3720605
4287,2.0583458
4288,0.2841565723
4289,0.088323705
4290,5.732046184
4291,7.1100183
4292,0.49003395
4293,1.2752217461
4294,0.67811105
4295,0.16518274
4296,3.2928927
4297,1.7749978
4298,0.9537972
4299,3.2501688
4300,1.5596868
4301,4.1113453
4302,6.2874646
4303,0.13672738010000002
4304,1.9426594499999998
4305,6.192068
4306,3.5289545
4307,0.30486372
4308,2.7712789
4309,3.944418
4310,4.6699398389999995
4311,4.34373
4312,2.4380603
4313,4.0363145
4314,5.397259
4315,1.2214395965
4316,1.4598136
4317,1.8678688
4318,2.7110643
4319,3.6251307
4320,2.0813522
4321,0.9264585255
4322,0.07342979
4323,0.21481565
4324,1.0424238
4325,1.3597555
4326,2.4174657
4327,2.241826
4328,0.8494156
4329,0.7979937
4330,1.9772408
4331,3.3704457
4332,4.7828364
4333,0.551564
4334,0.2038341
4335,1.8863828
4336,1.830454834
4337,1.935905918
4338,0.29275075829999997
4339,1.0737580400000002
4340,0.37506142
4341,1.3111424
4342,4.0174885
4343,2.232219241
4344,3.251357533
4345,3.2359712
4346,5.302619
4347,2.5158014
4348,0.41954577
4349,4.8955164
4350,2.0487466
4351,14.902118279549999
4352,1.649102537
4353,2.324281
4354,0.021087566
4355,4.7887855
4356,0.5237035117
4357,0.69805366
4358,2.1779246
4359,2.2702339
4360,1.4012456800000002
4361,1.1217531
4362,1.593707537
4363,1.955119
4364,7.365557
4365,0.15560426
4366,1.646362
4367,2.1822171
4368,0.928741802
4369,2.830185
4370,3.3415606149999997
4371,0.58938956
4372,0.83387387
4373,1.3064941
4374,2.0091994
4375,2.3683383
4376,3.7156277799999997
4377,1.4284675624
4378,2.5142798
4379,2.3010964
4380,0.07727937
4381,1.4080116999999999
4382,0.5493397
4383,1.6677504
4384,1.5043114
4385,2.5722444
4386,1.676212
4387,0.1557783
4388,0.3649781
4389,0.4932963
4390,4.449311
4391,7.393831
4392,1.6176481
4393,2.0548759
4394,1.9034716
4395,0.9464259100000001
4396,2.7779424
4397,2.0950356
4398,2.009495
4399,1.3871428
4400,1.746352
4401,3.5845132
4402,0.6490777
4403,1.8173696
4404,0.6645752550999999
4405,2.0474257
4406,2.6522932
4407,1.3923915401
4408,2.0762944
4409,6.0053654
4410,5.5664964
4411,2.3758192
4412,0.25644444928000004
4413,1.1549572190400001
4414,2.3194392
4415,0.26367694
4416,3.6585228
4417,1.4305538
4418,5.691903
4419,0.09733241029999999
4420,1.83667540472
4421,0.75904022
4422,7.4144287
4423,0.83389926
4424,0.4588367
4425,2.3661375
4426,1.7823454
4427,2.738903
4428,1.3068458
4429,5.110577876
4430,0.5332655
4431,1.1624118
4432,1.0142710142
4433,2.477238836
4434,3.274593457
4435,3.714674
4436,0.80748487
4437,3.443431
4438,1.3064629
4439,4.884281
4440,0.21531025
4441,1.7576323
4442,3.5888617
4443,1.0963703
4444,2.3949976
4445,9.801921
4446,0.73406494
4447,3.426664154
4448,1.489095
4449,1.5133379
4450,3.4954531
4451,5.345925
4452,0.4276322
4453,1.1745385
4454,4.1270747
4455,0.6668608
4456,0.274906
4457,0.448008396
4458,1.3293632887
4459,5.203344
4460,0.7050598675
4461,1.8600222
4462,4.8217048406
4463,0.6229588
4464,7.068089
4465,0.84523209315
4466,3.3345199
4467,3.2201125350999997
4468,0.888987908
4469,5.329035
4470,0.9373056
4471,0.24514723
4472,1.3195254
4473,3.8105314
4474,2.79586779
4475,2.033875
4476,2.264084
4477,2.7712357
4478,0.9930627
4479,1.3543274
4480,3.8569527
4481,4.753849
4482,2.0198364
4483,1.2179507
4484,3.741044
4485,5.88892167
4486,1.0381228
4487,1.7961378
4488,2.6802485
4489,0.83034503
4490,0.29783294
4491,2.208969951
4492,1.3387228
4493,0.8999400500000001
4494,3.9933374
4495,3.1533785
4496,1.281883
4497,0.35391805
4498,0.3399399
4499,4.1984334
4500,6.1498523
4501,4.5709496
4502,0.03441251
4503,3.779725
4504,1.17032661863
4505,3.1904898
4506,2.6501324
4507,1.1687152
4508,1.5899861
4509,1.3768927
4510,4.418775
4511,1.06253709874
4512,1.1881182
4513,0.7507526
4514,3.220326
4515,1.5268633
4516,1.9726497
4517,1.1239359
4518,0.26390785
4519,3.1420517
4520,0.3367577
4521,0.16184203
4522,1.338558
4523,3.9074483
4524,1.5916089
4525,2.0797215
4526,1.5611924396999999
4527,0.2252382
4528,0.18838686
4529,1.0442725
4530,9.103393
4531,5.31538
4532,0.43407620745000003
4533,1.9289954
4534,1.5956417
4535,0.66959083
4536,2.4081206
4537,5.1864635886
4538,0.99766326
4539,3.417025
4540,0.5934979
4541,1.2747283
4542,1.2077996
4543,0.3225564
4544,2.3164532
4545,1.0907569
4546,0.5258958
4547,4.2158613
4548,3.166137
4549,2.8303847
4550,4.581029
4551,2.1037877
4552,2.349384
4553,9.009802
4554,5.94291
4555,0.79200333
4556,4.7312884
4557,1.1682259
4558,5.1289206
4559,7.837687
4560,0.29547268
4561,2.137934
4562,2.796355
4563,2.5234752
4564,0.9136291000800001
4565,7.03332522609
4566,1.5968909
4567,1.0833852
4568,1.4409626
4569,1.0758013
4570,1.0184457
4571,1.0405633
4572,1.1042242
4573,1.8030007
4574,1.2009273
4575,1.1064354766
4576,0.7448649
4577,0.141463697
4578,2.3887195894
4579,2.581081796
4580,1.0689276
4581,3.029325
4582,3.6872447
4583,0.15571624
4584,0.47526044
4585,0.945737312
4586,1.0511168
4587,2.4884531
4588,2.92730984
4589,1.0911495
4590,1.993096
4591,8.195437
4592,4.019306
4593,2.7419918
4594,1.3638171
4595,5.024115
4596,3.916964
4597,2.094639
4598,2.984917
4599,0.19930366
4600,2.329091
4601,4.569429
4602,2.9844077
4603,0.32040086
4604,0.01620838
4605,2.8414767
4606,6.2576733
4607,2.7308352
4608,0.9828109
4609,0.7526921
4610,0.18358629657
4611,3.7973240734
4612,2.12775595
4613,0.17044115
4614,0.63496536
4615,3.1167896
4616,0.20524755
4617,0.72871953
4618,7.702025
4619,2.7799048
4620,3.5227273
4621,5.914866
4622,2.2065077
4623,0.5716726
4624,0.052182302
4625,4.859838
4626,2.6381223812
4627,0.96318436
4628,4.1813793
4629,1.7183589
4630,0.8389746043
4631,0.76272684
4632,0.8136503
4633,1.808295
4634,4.9795337
4635,1.3827426277000001
4636,1.8940054
4637,1.0725261
4638,4.059288985
4639,5.6772776
4640,2.455515
4641,6.589936
4642,0.06704885
4643,1.54380957
4644,1.1741071
4645,1.1301858
4646,2.6819456687
4647,1.0068054
4648,1.5484234
4649,5.17150014
4650,3.846258
4651,0.007042815
4652,0.32119521
4653,1.0407273
4654,1.7670457
4655,1.6803641552
4656,0.022693755
4657,1.8575343
4658,1.9186158
4659,1.158842487
4660,0.4917747959
4661,0.6179532
4662,4.3894534
4663,2.2574905305999997
4664,1.732198264
4665,1.2105442
4666,4.3126755
4667,1.4529798
4668,1.1163227104
4669,0.6220453
4670,3.027929
4671,3.8159084730000004
4672,3.860574
4673,0.75337374
4674,8.488715
4675,0.4323957586
4676,3.885825053
4677,7.52174
4678,3.6038187
4679,1.1206299
4680,3.4912076
4681,0.2745238
4682,0.56338173
4683,1.8654463
4684,4.0104327
4685,4.2743545
4686,0.0587482546
4687,0.6144731
4688,1.7362186
4689,5.012732967000001
4690,2.2182431
4691,0.15701671
4692,0.7373274
4693,7.9029555
4694,1.0589916
4695,1.1927241039999998
4696,2.72101
4697,0.527584208
4698,0.28889263
4699,1.364832
4700,2.073174
4701,1.4000787
4702,3.4867334
4703,2.1807399
4704,6.8792863
4705,4.2153444
4706,2.1482286
4707,0.70189947
4708,0.033491146
4709,0.8503067
4710,0.98096764
4711,6.604111
4712,0.8222745
4713,1.5302197
4714,0.9616725
4715,0.037165989700000006
4716,0.0493115965
4717,6.03244575
4718,0.5732874
4719,2.23171446
4720,0.95318234
4721,0.4567556
4722,3.5627735
4723,9.806003
4724,3.0679915
4725,0.670982094
4726,2.3550572
4727,0.035806786
4728,0.33492318
4729,0.42180046
4730,0.70033395
4731,1.174212841
4732,0.17202544
4733,0.64761025
4734,5.537606
4735,0.9423752937000001
4736,2.066605
4737,0.3693656
4738,2.488908
4739,1.2590631
4740,0.014005563
4741,1.90404511247
4742,1.53448329
4743,1.5720284126
4744,0.49658784
4745,0.762912959
4746,1.64281148
4747,1.7303486
4748,2.9270086
4749,3.4080977249999997
4750,2.7117537586
4751,0.4330929
4752,1.6182369
4753,6.0528603
4754,2.8128505
4755,0.5051706305
4756,0.36089036
4757,1.680697787
4758,1.788435
4759,2.864145
4760,3.4034274
4761,3.9503584
4762,2.4159851277000004
4763,0.63262826
4764,1.4517334
4765,2.908182525
4766,2.580732
4767,1.4071767
4768,4.578632855
4769,6.046322
4770,4.042757
4771,0.6204044
4772,4.708476
4773,2.6370754
4774,0.366257769
4775,0.5998405
4776,1.053774
4777,4.173595908299999
4778,0.5810312598299999
4779,1.3355218
4780,0.05804725
4781,2.66112
4782,2.6631978
4783,3.217212
4784,0.5368542
4785,5.685729
4786,2.494163
4787,5.2767696
4788,1.4091575
4789,1.839357511
4790,2.3832047
4791,1.5593338
4792,2.0470138
4793,1.4679288
4794,2.017549
4795,0.5294833
4796,2.0860772
4797,1.5640576
4798,3.3924818
4799,0.25020993
4800,2.07669706
4801,0.3139437
4802,2.1171128599999998
4803,3.601064
4804,2.3542693
4805,1.9207416
4806,2.759823
4807,0.22681819
4808,2.324754
4809,4.3461266
4810,2.6668770442399996
4811,2.2397344
4812,1.8943866413
4813,1.9173704
4814,1.3550531
4815,1.0831867
4816,0.9946986
4817,1.3654443
4818,6.436146382
4819,1.4724091
4820,1.7242407
4821,0.49537134
4822,4.837662
4823,5.0213904
4824,2.4228358
4825,4.341997
4826,0.77627206
4827,1.6884836959999998
4828,1.5388894
4829,3.0827693199999997
4830,3.6406653
4831,0.38470227
4832,7.3817964
4833,3.0819721
4834,7.523444
4835,1.6726706
4836,4.405574
4837,2.2867908
4838,1.6431198550000001
4839,0.44895944
4840,0.102050364
4841,2.6776645
4842,0.21674709
4843,0.97021335
4844,4.8446
4845,5.434835
4846,6.033802
4847,1.7087303
4848,1.1243414
4849,3.0420725
4850,0.03528644
4851,5.8799987
4852,2.753944419
4853,0.5561196
4854,0.30760884
4855,4.264384902
4856,1.7336248
4857,2.4458168
4858,1.9467621
4859,1.3959311
4860,0.7621156
4861,0.83512396
4862,1.1528213
4863,2.903135089
4864,0.4047411
4865,0.5920739
4866,4.668556
4867,2.1488395
4868,2.180364
4869,1.460266
4870,0.055990554
4871,3.1090236
4872,2.7564073
4873,3.274919
4874,2.1518083
4875,0.448566796
4876,0.983759
4877,2.8631964
4878,3.6211452
4879,2.2041295
4880,5.6002016
4881,6.241204722
4882,4.437012256
4883,6.635116
4884,2.7822335
4885,1.9730325
4886,1.6996176
4887,3.3811378
4888,1.6042612
4889,3.3111558766000004
4890,4.2891164
4891,1.381298
4892,1.1105951
4893,1.36311
4894,0.3418975
4895,2.5457676189000003
4896,3.7681596
4897,1.1424899
4898,2.0890005
4899,0.19155781
4900,3.5469647600000003
4901,2.3408978
4902,4.2567406860000006
4903,0.143324595
4904,0.6222939
4905,1.6054937
4906,0.7625852
4907,0.64361984024
4908,2.78274127
4909,4.077172609
4910,3.514429431
4911,0.4849269
4912,1.352362
4913,0.6545503
4914,1.9874213
4915,0.7216079
4916,3.227014
4917,3.7372124
4918,3.757482829
4919,0.9094324
4920,0.9114465184
4921,1.9571245
4922,1.5604982
4923,1.4523699
4924,1.983833
4925,1.2129738
4926,3.5843685
4927,4.02591063
4928,4.2275510556
4929,2.6520925
4930,2.2356904
4931,0.23729981
4932,2.4277976
4933,0.7144681
4934,0.37267756
4935,1.0287943885000002
4936,0.023162922
4937,0.7182798
4938,0.3783997
4939,0.16498968
4940,1.7281497
4941,3.0979474
4942,1.443914173
4943,2.321497
4944,2.1177073
4945,5.074543
4946,0.5317898
4947,2.0174053
4948,0.25165946
4949,0.85566294
4950,4.0249796
4951,0.39371017
4952,0.2492888
4953,3.577572
4954,2.4135559
4955,2.27760988
4956,1.1176205
4957,2.0056152
4958,4.9021232900000005
4959,0.04893311
4960,1.098664
4961,1.2292566
4962,3.1289985
4963,6.778272
4964,4.0037637
4965,5.788879621
4966,1.7313297
4967,7.5389134378
4968,4.0385358039999995
4969,0.010425204
4970,2.7667024
4971,0.6543889
4972,2.648354414
4973,1.5815216
4974,1.5740762
4975,3.15262774
4976,1.6045057
4977,3.616400266
4978,0.0970558
4979,1.0551728
4980,1.6929909
4981,0.99617934
4982,5.7622137
4983,0.8980183
4984,0.70684445
4985,2.0659347
4986,0.5021128
4987,8.788658
4988,3.1989973
4989,4.962787
4990,2.2456055
4991,0.8801504
4992,1.7005248
4993,3.0195992
4994,1.2803595
4995,2.7635962105000003
4996,0.8737826717
4997,4.7479076
4998,0.39917183
4999,2.7820466
5000,0.07300538
5001,3.0110335
5002,6.3851256
5003,0.82540965
5004,5.7513285
5005,2.7388031
5006,1.9412626
5007,1.3992347
5008,0.13993089
5009,2.5324166
5010,5.426852
5011,1.1112461
5012,6.364072
5013,0.30341271723
5014,1.7235184
5015,1.1170573
5016,4.2422023
5017,0.3006724
5018,1.2301935
5019,2.099553991
5020,0.026594607
5021,0.868367
5022,0.298715472
5023,1.555431
5024,0.92231315
5025,1.9070237
5026,1.1246073
5027,1.995847
5028,2.4370925
5029,0.6885177
5030,0.28246437303
5031,1.012392535
5032,2.8242745084
5033,0.24119015
5034,0.025765786
5035,3.113392
5036,0.2983226
5037,1.466692163
5038,1.9711128
5039,0.20419542
5040,0.9271978508200001
5041,1.9776251294
5042,0.3762384
5043,0.6604729834
5044,3.209341
5045,0.95890945
5046,2.40661
5047,1.6271053940000002
5048,3.9489422
5049,1.045413
5050,0.913126497
5051,0.9275084
5052,8.628491
5053,3.7264233
5054,1.3002639
5055,0.6461448
5056,4.1521974
5057,0.120304435
5058,6.013976
5059,1.4519138
5060,4.7449527
5061,0.57724774
5062,2.7643034
5063,4.642937
5064,4.456562
5065,1.1744269
5066,0.69466704
5067,1.75378
5068,1.7009823
5069,1.5083275
5070,4.6650934
5071,1.3901899511
5072,3.4987743
5073,5.1269135
5074,3.0615149329999998
5075,6.0731344
5076,2.6540406
5077,3.8660636
5078,2.594295
5079,0.9125582
5080,0.4567356119
5081,0.9733831
5082,4.4209995
5083,3.6451168
5084,1.5206522
5085,0.041608695
5086,0.80230427
5087,2.1360264
5088,6.7841735
5089,0.46920082
5090,2.970941
5091,2.923983768
5092,6.8515987
5093,0.71104217
5094,2.0125358
5095,1.583728
5096,1.6188674
5097,0.7671543
5098,1.3535618
5099,1.0764307073
5100,6.363937
5101,1.2312366
5102,2.7189872
5103,1.89423
5104,0.55433655
5105,0.619582
5106,0.17119002
5107,2.5570781
5108,0.54651254
5109,3.7668755
5110,2.1548874
5111,0.19190288
5112,2.507285
5113,0.5750956
5114,4.48421
5115,0.3057423
5116,6.4888372
5117,1.2261379
5118,1.4718279
5119,3.6413376
5120,0.2907875367
5121,2.5021186189700004
5122,1.4679024
5123,3.34616348894
5124,4.897755
5125,1.5307825
5126,1.5449771
5127,2.1381136465000004
5128,0.70607513
5129,2.1768978
5130,6.729136
5131,2.8234658
5132,0.6454984
5133,1.7460734
5134,7.059443
5135,1.7582655
5136,2.21272
5137,0.1244261
5138,0.10311527
5139,1.3290313595
5140,1.8414989767
5141,4.2364755
5142,1.1318965
5143,2.074839
5144,3.5759258
5145,4.072563
5146,1.010094
5147,3.8802493
5148,1.2334564
5149,1.607551
5150,3.6625857
5151,9.100422575
5152,1.87943899
