index,loss,correct,pred
0,1.7847105264663696,0, 1
1,1.6221261024475098,0, 1
2,1.7004749774932861,0, 1
3,1.7152222394943237,0, 1
4,0.8515615463256836,1, 10
5,0.9065743684768677,1, 10
6,0.9518729448318481,1, 10
7,1.6253613233566284,0, 1
8,1.0729920864105225,1, 20
9,1.3358036279678345,1, 20
10,1.2009265422821045,1, 20
11,2.5403037071228027,0, 1
12,3.708366632461548,0, 1
13,4.715853691101074,0, 1
14,3.9497792720794678,0, 1
15,5.337742805480957,0, 1
16,4.275295734405518,0, 1
17,5.0278849601745605,0, 1
18,4.749410152435303,0, 1
19,6.061306953430176,0, 1
20,5.576419830322266,0, 5
21,5.260390758514404,0, 5
22,5.8433380126953125,0, 5
23,5.5914306640625,0, 5
24,7.949807167053223,0, 5
25,7.0194597244262695,0, 10
26,7.944399356842041,0, 5
27,7.71792459487915,0, 5
28,8.27759075164795,0, 5
29,7.983168601989746,0, 5
30,8.469121932983398,0, 5
31,8.686673164367676,0, 5
32,9.739253044128418,0, 5
33,9.22280216217041,0, 5
34,9.954649925231934,0, 5
35,9.7313814163208,0, 5
36,9.690216064453125,0, 5
37,9.50700569152832,0, 5
38,9.897408485412598,0, 5
39,9.82325553894043,0, 5
40,0.8677992224693298,1, 5
41,1.080605387687683,1, 5
42,0.9977646470069885,1, 5
43,1.0411183834075928,1, 5
44,0.4984157085418701,1, 10
45,0.605144202709198,1, 10
46,0.7257610559463501,1, 10
47,0.7358081340789795,1, 10
48,0.6973963975906372,1, 20
49,0.7327910661697388,1, 20
50,0.9497362375259399,1, 20
51,0.8370673656463623,1, 20
52,1.2893714904785156,1, 50
53,2.5828025341033936,0, 1
54,2.724977493286133,0, 1
55,2.8370814323425293,0, 1
56,2.801302194595337,0, 1
57,2.8363850116729736,0, 1
58,3.4951658248901367,0, 1
59,3.545229196548462,0, 1
60,1.6132583618164062,0, 1
61,1.1513984203338623,1, 5
62,1.5905221700668335,0, 1
63,1.072058916091919,1, 5
64,0.8430362939834595,1, 10
65,0.6580518484115601,1, 10
66,0.9517536759376526,1, 10
67,0.8328098058700562,1, 10
68,1.1382700204849243,1, 20
69,0.9131346344947815,1, 20
70,1.2057304382324219,1, 20
71,1.0435007810592651,1, 20
72,4.738962173461914,0, 1
73,4.0055389404296875,0, 1
74,4.529892921447754,0, 1
75,4.327473163604736,0, 1
76,5.17419958114624,0, 1
77,4.777955055236816,0, 1
78,5.309054374694824,0, 1
79,5.698897361755371,0, 1
80,2.600691795349121,0, 2
81,2.42390513420105,0, 2
82,2.6579830646514893,0, 2
83,2.584825038909912,0, 2
84,4.172020435333252,0, 2
85,3.5265731811523438,0, 10
86,4.154038906097412,0, 2
87,3.6245229244232178,0, 10
88,7.187451362609863,0, 2
89,5.067379951477051,0, 20
90,7.186683654785156,0, 2
91,6.9546732902526855,0, 2
92,7.233716011047363,0, 2
93,6.673701763153076,0, 2
94,7.309234142303467,0, 2
95,7.46996545791626,0, 2
96,10.155376434326172,0, 2
97,10.17302131652832,0, 2
98,10.006510734558105,0, 2
99,10.364102363586426,0, 2
100,1.0963976383209229,1, 5
101,1.5257757902145386,0, 1
102,1.4910662174224854,0, 1
103,1.5363047122955322,0, 1
104,0.606428861618042,1, 10
105,0.5749116539955139,1, 10
106,0.8150687217712402,1, 10
107,0.7395762205123901,1, 10
108,0.897230327129364,1, 20
109,0.7015531063079834,1, 20
110,1.1886101961135864,1, 20
111,0.9542251825332642,1, 20
112,2.841221809387207,0, 1
113,2.537782907485962,0, 1
114,3.6289918422698975,0, 1
115,3.207462787628174,0, 1
116,3.0895965099334717,0, 1
117,3.124683141708374,0, 1
118,4.0720744132995605,0, 1
119,4.244187831878662,0, 1
120,1.1026690006256104,1, 5
121,0.9381071329116821,1, 5
122,1.0454758405685425,1, 5
123,0.9821963310241699,1, 5
124,0.5750395059585571,1, 10
125,0.5608455538749695,1, 10
126,0.6441038250923157,1, 10
127,0.6450861096382141,1, 10
128,0.9998970031738281,1, 20
129,0.7948898673057556,1, 20
130,1.1361312866210938,1, 20
131,0.9707329869270325,1, 20
132,2.6979482173919678,0, 1
133,2.7750091552734375,0, 1
134,2.9419050216674805,0, 1
135,3.07665753364563,0, 1
136,2.965292453765869,0, 1
137,2.942570924758911,0, 1
138,3.4053330421447754,0, 1
139,3.7758116722106934,0, 1
140,1.4747174978256226,0, 1
141,1.6075842380523682,0, 1
142,1.5480495691299438,0, 1
143,1.5443776845932007,0, 1
144,0.749448299407959,1, 10
145,0.7856319546699524,1, 10
146,0.9250637888908386,1, 10
147,0.9656816124916077,1, 10
148,1.0089831352233887,1, 20
149,0.8222143650054932,1, 20
150,1.2376335859298706,1, 20
151,0.97919762134552,1, 20
152,3.4736080169677734,0, 1
153,3.0939700603485107,0, 1
154,3.7495040893554688,0, 1
155,3.6132380962371826,0, 1
156,3.476083517074585,0, 1
157,3.675046920776367,0, 1
158,3.98264741897583,0, 1
159,4.325434684753418,0, 1
160,1.5580976009368896,0, 1
161,1.1462702751159668,1, 5
162,1.5003248453140259,0, 1
163,0.9910047054290771,1, 5
164,0.9024948477745056,1, 10
165,0.6240811944007874,1, 10
166,0.9451445937156677,1, 10
167,0.6632753610610962,1, 10
168,1.2813992500305176,1, 20
169,1.0336471796035767,1, 20
170,1.3774828910827637,1, 20
171,0.9898042678833008,1, 20
172,3.7455267906188965,0, 1
173,3.8843817710876465,0, 1
174,3.6212403774261475,0, 1
175,3.6442036628723145,0, 1
176,3.871929168701172,0, 1
177,4.066830635070801,0, 1
178,4.315695285797119,0, 1
179,4.483453273773193,0, 1
180,1.40520179271698,0, 1
181,1.1525835990905762,1, 5
182,1.4365766048431396,0, 1
183,1.3462340831756592,0, 1
184,0.5837652087211609,1, 10
185,0.5146971344947815,1, 10
186,0.6614154577255249,1, 10
187,0.6289746761322021,1, 10
188,0.8648933172225952,1, 20
189,0.6913323402404785,1, 20
190,0.9710320830345154,1, 20
191,0.8657976984977722,1, 20
192,2.722153663635254,0, 1
193,2.6992669105529785,0, 1
194,2.9222898483276367,0, 1
195,3.0541160106658936,0, 1
196,3.125946283340454,0, 1
197,3.527266263961792,0, 1
198,3.564387321472168,0, 1
199,4.311718940734863,0, 1
200,2.001102924346924,0, 1
201,1.6130194664001465,0, 1
202,1.857711911201477,0, 1
203,1.692733883857727,0, 1
204,0.9442949295043945,1, 10
205,0.8177472949028015,1, 10
206,1.049978494644165,1, 10
207,1.1075990200042725,1, 10
208,1.2023992538452148,1, 20
209,1.1975102424621582,1, 20
210,1.3224520683288574,1, 20
211,2.2291011810302734,0, 1
212,4.167283535003662,0, 1
213,4.67873477935791,0, 1
214,4.355835437774658,0, 1
215,5.121129035949707,0, 1
216,4.875102996826172,0, 1
217,5.437822341918945,0, 1
218,5.307059288024902,0, 1
219,6.265144348144531,0, 1
220,5.4183220863342285,0, 5
221,5.088088512420654,0, 5
222,5.736219882965088,0, 5
223,5.449789047241211,0, 5
224,7.8467302322387695,0, 5
225,6.896809101104736,0, 10
226,7.850461006164551,0, 5
227,7.59694766998291,0, 5
228,8.436108589172363,0, 5
229,8.098490715026855,0, 5
230,8.652558326721191,0, 5
231,8.775057792663574,0, 5
232,9.26112174987793,0, 5
233,8.554141998291016,0, 5
234,9.429829597473145,0, 5
235,9.257547378540039,0, 5
236,9.15822982788086,0, 5
237,8.702717781066895,0, 5
238,9.3634033203125,0, 5
239,9.271296501159668,0, 5
240,1.1503013372421265,1, 5
241,1.476948618888855,0, 1
242,1.4412585496902466,0, 1
243,1.3675950765609741,0, 1
244,0.6298688650131226,1, 10
245,0.6252216100692749,1, 10
246,0.8592332005500793,1, 10
247,0.7501381039619446,1, 10
248,0.822890043258667,1, 20
249,0.7860251665115356,1, 20
250,1.0399484634399414,1, 20
251,0.8653708100318909,1, 20
252,2.849626064300537,0, 1
253,3.0660691261291504,0, 1
254,3.1649203300476074,0, 1
255,3.142765998840332,0, 1
256,3.331303119659424,0, 1
257,3.7402701377868652,0, 1
258,4.012226581573486,0, 1
259,4.351164817810059,0, 1
260,1.9095674753189087,0, 1
261,1.167981743812561,1, 5
262,1.8405914306640625,0, 1
263,1.097607135772705,1, 5
264,0.9249495267868042,1, 10
265,0.6353631615638733,1, 10
266,1.0596717596054077,1, 10
267,0.8309875726699829,1, 10
268,1.2440087795257568,1, 20
269,0.8987889289855957,1, 20
270,1.298890233039856,1, 20
271,1.0561033487319946,1, 20
272,5.07810640335083,0, 1
273,4.124642372131348,0, 1
274,4.8828125,0, 1
275,4.5244855880737305,0, 1
276,5.630025863647461,0, 1
277,5.062270164489746,0, 1
278,5.810274124145508,0, 1
279,6.038799285888672,0, 1
280,2.586413860321045,0, 2
281,2.3357648849487305,0, 2
282,2.6558165550231934,0, 2
283,2.452949047088623,0, 2
284,4.026330471038818,0, 2
285,3.3596832752227783,0, 10
286,3.9956090450286865,0, 2
287,3.4146292209625244,0, 10
288,7.061919689178467,0, 2
289,4.918642044067383,0, 20
290,7.1472697257995605,0, 2
291,6.727088928222656,0, 2
292,7.464791774749756,0, 2
293,6.698020935058594,0, 2
294,7.6044769287109375,0, 2
295,7.4106645584106445,0, 2
296,9.593303680419922,0, 2
297,9.535799026489258,0, 2
298,9.539436340332031,0, 2
299,9.907261848449707,0, 2
300,1.5285972356796265,0, 1
301,1.5490405559539795,0, 1
302,1.6556780338287354,0, 1
303,1.5759962797164917,0, 1
304,0.6853529214859009,1, 10
305,0.5431028604507446,1, 10
306,0.9067432880401611,1, 10
307,0.7429288625717163,1, 10
308,0.9639683961868286,1, 20
309,0.6570295691490173,1, 20
310,1.2485630512237549,1, 20
311,0.9128248691558838,1, 20
312,2.9968461990356445,0, 1
313,2.6259615421295166,0, 1
314,3.8124582767486572,0, 1
315,3.3134374618530273,0, 1
316,3.2527174949645996,0, 1
317,3.4312503337860107,0, 1
318,4.287290096282959,0, 1
319,4.633800029754639,0, 1
320,1.5942622423171997,0, 1
321,1.0008416175842285,1, 5
322,1.4976330995559692,0, 1
323,1.0330098867416382,1, 5
324,0.6863439679145813,1, 10
325,0.5749481320381165,1, 10
326,0.7702186107635498,1, 10
327,0.6687495112419128,1, 10
328,1.1312086582183838,1, 20
329,0.7652859091758728,1, 20
330,1.278786301612854,1, 20
331,0.9601565599441528,1, 20
332,3.049656629562378,0, 1
333,2.9434564113616943,0, 1
334,3.269982099533081,0, 1
335,3.244781970977783,0, 1
336,3.3307995796203613,0, 1
337,3.210740327835083,0, 1
338,3.8154075145721436,0, 1
339,4.109395503997803,0, 1
340,1.6969808340072632,0, 1
341,1.5986987352371216,0, 1
342,1.691843867301941,0, 1
343,1.5412425994873047,0, 1
344,0.8431351780891418,1, 10
345,0.7742730975151062,1, 10
346,1.0069544315338135,1, 10
347,0.9761257171630859,1, 10
348,1.0756118297576904,1, 20
349,0.8101915717124939,1, 20
350,1.2756969928741455,1, 20
351,0.9688419103622437,1, 20
352,3.856264591217041,0, 1
353,3.3046047687530518,0, 1
354,3.9902515411376953,0, 1
355,3.763213872909546,0, 1
356,3.9507951736450195,0, 1
357,4.118450164794922,0, 1
358,4.3714518547058105,0, 1
359,4.721705436706543,0, 1
360,1.8748360872268677,0, 1
361,1.2166656255722046,1, 5
362,1.7629085779190063,0, 1
363,1.0770750045776367,1, 5
364,1.0174498558044434,1, 10
365,0.6507884860038757,1, 10
366,1.074673056602478,1, 10
367,0.7025349140167236,1, 10
368,2.151672124862671,0, 1
369,1.0465679168701172,1, 20
370,2.283019542694092,0, 1
371,1.0361411571502686,1, 20
372,4.392660140991211,0, 1
373,4.195832252502441,0, 1
374,4.157884120941162,0, 1
375,3.990493059158325,0, 1
376,4.631828308105469,0, 1
377,4.535407066345215,0, 1
378,5.019057750701904,0, 1
379,4.9469499588012695,0, 1
380,1.6419037580490112,0, 1
381,1.147457480430603,1, 5
382,1.604106068611145,0, 1
383,1.121171236038208,1, 5
384,0.6780338287353516,1, 10
385,0.5009524822235107,1, 10
386,0.7644988894462585,1, 10
387,0.6297329068183899,1, 10
388,0.9762852191925049,1, 20
389,0.672045886516571,1, 20
390,1.0736192464828491,1, 20
391,0.8644595146179199,1, 20
392,3.176227331161499,0, 1
393,2.853832244873047,0, 1
394,3.2811319828033447,0, 1
395,3.2399818897247314,0, 1
396,3.7271728515625,0, 1
397,3.9190800189971924,0, 1
398,4.143163204193115,0, 1
399,4.7681660652160645,0, 1
400,1.944563865661621,0, 1
401,1.5662111043930054,0, 1
402,1.8009071350097656,0, 1
403,1.6530442237854004,0, 1
404,1.0759820938110352,1, 10
405,0.8729329705238342,1, 10
406,1.1053059101104736,1, 10
407,1.522179365158081,0, 1
408,2.0550341606140137,0, 1
409,1.2570226192474365,1, 20
410,2.0827271938323975,0, 1
411,2.325061321258545,0, 1
412,4.342423439025879,0, 1
413,4.569115161895752,0, 1
414,4.331557750701904,0, 1
415,5.0273847579956055,0, 1
416,5.252419471740723,0, 1
417,5.379209995269775,0, 1
418,5.422370433807373,0, 1
419,6.126176834106445,0, 1
420,5.41502046585083,0, 5
421,5.116530895233154,0, 5
422,5.686543941497803,0, 5
423,5.506104469299316,0, 5
424,7.734837532043457,0, 5
425,6.87669038772583,0, 10
426,7.752233982086182,0, 5
427,7.582106113433838,0, 5
428,8.295064926147461,0, 5
429,8.06895637512207,0, 5
430,8.491562843322754,0, 5
431,8.738704681396484,0, 5
432,9.54208755493164,0, 5
433,8.841025352478027,0, 5
434,9.859077453613281,0, 5
435,9.515646934509277,0, 5
436,9.53394889831543,0, 5
437,9.064101219177246,0, 5
438,9.85859203338623,0, 5
439,9.597561836242676,0, 5
440,1.0576441287994385,1, 5
441,1.0650856494903564,1, 5
442,1.3680000305175781,0, 1
443,1.0120453834533691,1, 5
444,0.6772392988204956,1, 10
445,0.6586967706680298,1, 10
446,0.8342862129211426,1, 10
447,0.8089934587478638,1, 10
448,0.8865443468093872,1, 20
449,0.8031994700431824,1, 20
450,1.055871605873108,1, 20
451,0.9298142790794373,1, 20
452,2.8427231311798096,0, 1
453,3.13486647605896,0, 1
454,3.0609588623046875,0, 1
455,3.353930950164795,0, 1
456,3.049048900604248,0, 1
457,4.068327903747559,0, 1
458,3.6311376094818115,0, 1
459,4.687985897064209,0, 1
460,1.7814621925354004,0, 1
461,1.488115906715393,0, 1
462,1.7538865804672241,0, 1
463,1.4270403385162354,0, 1
464,1.080391526222229,1, 10
465,0.7586870789527893,1, 10
466,1.5515645742416382,0, 1
467,0.9616639614105225,1, 10
468,2.106804370880127,0, 1
469,1.0233006477355957,1, 20
470,2.2126264572143555,0, 1
471,1.2086207866668701,1, 20
472,5.25776481628418,0, 1
473,4.353548049926758,0, 1
474,5.062797546386719,0, 1
475,4.786793231964111,0, 1
476,5.854409217834473,0, 1
477,5.472583293914795,0, 1
478,6.039708614349365,0, 1
479,6.322474002838135,0, 1
480,2.7569379806518555,0, 2
481,2.5245707035064697,0, 2
482,2.8157920837402344,0, 2
483,2.644155740737915,0, 2
484,4.1475419998168945,0, 2
485,3.4872796535491943,0, 10
486,4.101407051086426,0, 2
487,3.522094964981079,0, 10
488,7.158470153808594,0, 2
489,4.938974380493164,0, 20
490,7.120367527008057,0, 2
491,6.788356304168701,0, 2
492,7.419566631317139,0, 2
493,6.65311861038208,0, 2
494,7.490482807159424,0, 2
495,7.321793556213379,0, 2
496,10.114723205566406,0, 2
497,9.977458953857422,0, 2
498,10.012097358703613,0, 2
499,10.354719161987305,0, 2
500,1.0928629636764526,1, 5
501,1.1708143949508667,1, 5
502,1.4804916381835938,0, 1
503,1.4815266132354736,0, 1
504,0.6639417409896851,1, 10
505,0.5765603184700012,1, 10
506,0.8688758611679077,1, 10
507,0.7568435072898865,1, 10
508,1.0123121738433838,1, 20
509,0.6974160075187683,1, 20
510,1.2848433256149292,1, 20
511,0.9438560605049133,1, 20
512,2.9033241271972656,0, 1
513,2.5927584171295166,0, 1
514,3.700453042984009,0, 1
515,3.1805410385131836,0, 1
516,3.0654408931732178,0, 1
517,3.6458394527435303,0, 1
518,4.077518939971924,0, 1
519,4.606854438781738,0, 1
520,1.0705945491790771,1, 5
521,0.8715552091598511,1, 5
522,1.0264605283737183,1, 5
523,0.9216849207878113,1, 5
524,0.6689652800559998,1, 10
525,0.5739965438842773,1, 10
526,0.7315066456794739,1, 10
527,0.679227352142334,1, 10
528,1.1751925945281982,1, 20
529,0.7609347701072693,1, 20
530,1.287033200263977,1, 20
531,0.9660704135894775,1, 20
532,3.0773863792419434,0, 1
533,1.4863892793655396,1, 50
534,3.266537666320801,0, 1
535,3.017963409423828,0, 1
536,3.106515884399414,0, 1
537,2.9960219860076904,0, 1
538,3.541367530822754,0, 1
539,3.8679051399230957,0, 1
540,1.567004919052124,0, 1
541,1.5625308752059937,0, 1
542,1.6016677618026733,0, 1
543,1.557019829750061,0, 1
544,0.9167279005050659,1, 10
545,0.8258011341094971,1, 10
546,1.0518484115600586,1, 10
547,1.0373643636703491,1, 10
548,1.1830275058746338,1, 20
549,0.8933964967727661,1, 20
550,1.3512158393859863,1, 20
551,1.0701861381530762,1, 20
552,3.828834056854248,0, 1
553,3.4160685539245605,0, 1
554,3.9781956672668457,0, 1
555,3.881193161010742,0, 1
556,3.946937322616577,0, 1
557,4.2012786865234375,0, 1
558,4.2101731300354,0, 1
559,4.685434818267822,0, 1
560,1.6308480501174927,0, 1
561,1.112574577331543,1, 5
562,1.5203293561935425,0, 1
563,0.9788893461227417,1, 5
564,0.9373862147331238,1, 10
565,0.6567191481590271,1, 10
566,0.9417480230331421,1, 10
567,0.6972381472587585,1, 10
568,1.368338942527771,1, 20
569,1.0175297260284424,1, 20
570,1.384674072265625,1, 20
571,0.9893758893013,1, 20
572,3.929928779602051,0, 1
573,3.8837990760803223,0, 1
574,3.619352102279663,0, 1
575,3.606066942214966,0, 1
576,4.006606578826904,0, 1
577,4.3731207847595215,0, 1
578,4.199151515960693,0, 1
579,4.731180191040039,0, 1
580,1.3781230449676514,0, 1
581,1.120789885520935,1, 5
582,1.3849411010742188,0, 1
583,1.3346765041351318,0, 1
584,0.6705968379974365,1, 10
585,0.5609474182128906,1, 10
586,0.744411051273346,1, 10
587,0.6939711570739746,1, 10
588,0.9046036005020142,1, 20
589,0.6894805431365967,1, 20
590,0.9869054555892944,1, 20
591,0.8953229784965515,1, 20
592,2.7781641483306885,0, 1
593,2.6333131790161133,0, 1
594,2.8782260417938232,0, 1
595,2.9923899173736572,0, 1
596,3.217395305633545,0, 1
597,3.7598748207092285,0, 1
598,3.579669713973999,0, 1
599,4.535489559173584,0, 1
600,1.8180065155029297,0, 1
601,1.7054883241653442,0, 1
602,1.6329712867736816,0, 1
603,1.7567148208618164,0, 1
604,0.9902211427688599,1, 10
605,0.9231477379798889,1, 10
606,1.005171298980713,1, 10
607,1.6299242973327637,0, 1
608,1.2095839977264404,1, 20
609,1.3176307678222656,1, 20
610,1.2162562608718872,1, 20
611,2.466919183731079,0, 1
612,4.250080585479736,0, 1
613,4.881885528564453,0, 1
614,4.158871173858643,0, 1
615,5.356760501861572,0, 1
616,5.207805633544922,0, 1
617,5.70727014541626,0, 1
618,5.302149295806885,0, 1
619,6.554376602172852,0, 1
620,5.341485500335693,0, 5
621,5.098332405090332,0, 5
622,5.621469020843506,0, 5
623,5.478873252868652,0, 5
624,7.821707248687744,0, 5
625,7.014133930206299,0, 10
626,7.847943305969238,0, 5
627,7.689121246337891,0, 5
628,8.443013191223145,0, 5
629,8.282693862915039,0, 5
630,8.617620468139648,0, 5
631,8.92427921295166,0, 5
632,9.498675346374512,0, 5
633,8.87653923034668,0, 5
634,9.793832778930664,0, 5
635,9.69056510925293,0, 5
636,9.505239486694336,0, 5
637,9.094496726989746,0, 5
638,9.826231956481934,0, 5
639,9.73909854888916,0, 5
640,1.0218689441680908,1, 5
641,1.4643292427062988,0, 1
642,1.0207786560058594,1, 5
643,1.3460990190505981,0, 1
644,0.6043741703033447,1, 10
645,0.7188464403152466,1, 10
646,0.7002403140068054,1, 10
647,0.8813812136650085,1, 10
648,0.7783789038658142,1, 20
649,0.870127260684967,1, 20
650,0.8867384791374207,1, 20
651,0.9877607822418213,1, 20
652,1.4375200271606445,1, 50
653,3.380999803543091,0, 1
654,2.6627578735351562,0, 1
655,3.4200241565704346,0, 1
656,2.805824041366577,0, 1
657,4.295628547668457,0, 1
658,3.228851556777954,0, 1
659,4.897127628326416,0, 1
660,1.789861798286438,0, 1
661,1.5731229782104492,0, 1
662,1.7265567779541016,0, 1
663,1.474862813949585,0, 1
664,1.0315203666687012,1, 10
665,0.8057953119277954,1, 10
666,1.1171631813049316,1, 10
667,1.0219600200653076,1, 10
668,1.301135540008545,1, 20
669,1.0530797243118286,1, 20
670,2.019129753112793,0, 1
671,1.2503660917282104,1, 20
672,5.083216190338135,0, 1
673,4.5035834312438965,0, 1
674,4.8047709465026855,0, 1
675,4.948482513427734,0, 1
676,5.9143290519714355,0, 1
677,5.689824104309082,0, 1
678,5.984001159667969,0, 1
679,6.571606636047363,0, 1
680,2.785512685775757,0, 2
681,2.5837888717651367,0, 2
682,2.8243472576141357,0, 2
683,2.7366256713867188,0, 2
684,4.117514133453369,0, 2
685,3.4980757236480713,0, 10
686,4.0552592277526855,0, 2
687,4.152456760406494,0, 2
688,7.112190246582031,0, 2
689,4.990939617156982,0, 20
690,7.076754093170166,0, 2
691,6.891770362854004,0, 2
692,7.61820125579834,0, 2
693,7.107276916503906,0, 2
694,7.679130554199219,0, 2
695,7.763070583343506,0, 2
696,10.167535781860352,0, 2
697,10.284187316894531,0, 2
698,10.103137016296387,0, 2
699,10.763200759887695,0, 2
700,1.0776095390319824,1, 5
701,1.5146132707595825,0, 1
702,1.3742536306381226,0, 1
703,1.5181300640106201,0, 1
704,0.6458041667938232,1, 10
705,0.583315908908844,1, 10
706,0.7979831695556641,1, 10
707,0.7591536045074463,1, 10
708,0.918010950088501,1, 20
709,0.7035936713218689,1, 20
710,1.1167889833450317,1, 20
711,0.9538875818252563,1, 20
712,2.7994024753570557,0, 1
713,2.7564609050750732,0, 1
714,3.4350342750549316,0, 1
715,3.3281311988830566,0, 1
716,3.1064159870147705,0, 1
717,3.829169511795044,0, 1
718,3.9669620990753174,0, 1
719,4.89461088180542,0, 1
720,1.0763739347457886,1, 5
721,0.9815576076507568,1, 5
722,1.0415841341018677,1, 5
723,1.0119194984436035,1, 5
724,0.6474449038505554,1, 10
725,0.6205817461013794,1, 10
726,0.7254647016525269,1, 10
727,0.7386223077774048,1, 10
728,1.0304813385009766,1, 20
729,0.7797890901565552,1, 20
730,1.151138424873352,1, 20
731,0.998175859451294,1, 20
732,2.9774744510650635,0, 1
733,2.8089494705200195,0, 1
734,3.1459767818450928,0, 1
735,3.1782913208007812,0, 1
736,3.1156041622161865,0, 1
737,3.1715521812438965,0, 1
738,3.5351202487945557,0, 1
739,4.0727033615112305,0, 1
740,1.185124397277832,1, 5
741,1.6030642986297607,0, 1
742,1.4244765043258667,0, 1
743,1.5323200225830078,0, 1
744,0.7756927013397217,1, 10
745,0.8084394931793213,1, 10
746,0.9086730480194092,1, 10
747,1.0154638290405273,1, 10
748,0.9944307804107666,1, 20
749,0.8318955898284912,1, 20
750,1.1467612981796265,1, 20
751,0.9854971170425415,1, 20
752,3.47175669670105,0, 1
753,3.41505765914917,0, 1
754,3.5680453777313232,0, 1
755,3.8395652770996094,0, 1
756,3.734988212585449,0, 1
757,4.300090312957764,0, 1
758,3.8782801628112793,0, 1
759,4.817653179168701,0, 1
760,1.6548665761947632,0, 1
761,1.1916742324829102,1, 5
762,1.5159364938735962,0, 1
763,1.0239927768707275,1, 5
764,0.9629248380661011,1, 10
765,0.7055819034576416,1, 10
766,0.9452978372573853,1, 10
767,0.7565102577209473,1, 10
768,1.3340426683425903,1, 20
769,1.0341604948043823,1, 20
770,1.3039413690567017,1, 20
771,1.0226807594299316,1, 20
772,4.2135910987854,0, 1
773,4.100168704986572,0, 1
774,3.7291476726531982,0, 1
775,3.891233205795288,0, 1
776,4.537099838256836,0, 1
777,4.6283488273620605,0, 1
778,4.583823204040527,0, 1
779,5.025716781616211,0, 1
780,1.065268635749817,1, 5
781,1.4724897146224976,0, 1
782,1.0500555038452148,1, 5
783,1.4157191514968872,0, 1
784,0.5893501043319702,1, 10
785,0.5783249139785767,1, 10
786,0.6507973670959473,1, 10
787,0.7089877128601074,1, 10
788,0.7717596292495728,1, 20
789,0.6992223262786865,1, 20
790,0.8376218676567078,1, 20
791,0.9154416918754578,1, 20
792,1.320688247680664,1, 50
793,2.749074935913086,0, 1
794,2.510150909423828,0, 1
795,3.120539426803589,0, 1
796,2.8066189289093018,0, 1
797,3.7754249572753906,0, 1
798,3.1614785194396973,0, 1
799,4.608631610870361,0, 1
800,1.822098731994629,0, 1
801,1.603713035583496,0, 1
802,1.6144613027572632,0, 1
803,1.6414098739624023,0, 1
804,1.0457782745361328,1, 10
805,0.8595049977302551,1, 10
806,1.0703550577163696,1, 10
807,1.1546800136566162,1, 10
808,2.2425479888916016,0, 1
809,1.333323359489441,1, 20
810,2.2831051349639893,0, 1
811,2.361398935317993,0, 1
812,4.435208797454834,0, 1
813,4.589707374572754,0, 1
814,4.505247116088867,0, 1
815,4.975098609924316,0, 1
816,5.25614070892334,0, 1
817,5.343705177307129,0, 1
818,5.576084136962891,0, 1
819,6.10181999206543,0, 1
820,5.513095855712891,0, 5
821,5.181416034698486,0, 5
822,5.7548112869262695,0, 5
823,5.520632743835449,0, 5
824,7.856241703033447,0, 5
825,6.899345397949219,0, 10
826,7.853883266448975,0, 5
827,7.602050304412842,0, 5
828,8.359528541564941,0, 5
829,7.884064197540283,0, 5
830,8.568377494812012,0, 5
831,8.678147315979004,0, 5
832,9.647462844848633,0, 5
833,9.094586372375488,0, 5
834,9.878026008605957,0, 5
835,9.74683666229248,0, 5
836,9.497156143188477,0, 5
837,9.232659339904785,0, 5
838,9.759546279907227,0, 5
839,9.767148971557617,0, 5
840,1.5640294551849365,0, 1
841,1.452794075012207,0, 1
842,1.4649230241775513,0, 1
843,1.119816780090332,1, 5
844,0.7884083986282349,1, 10
845,0.6142334938049316,1, 10
846,0.8494253754615784,1, 10
847,0.7231970429420471,1, 10
848,1.1182104349136353,1, 20
849,0.8459417223930359,1, 20
850,1.1675375699996948,1, 20
851,0.8729357719421387,1, 20
852,3.4284818172454834,0, 1
853,3.0622119903564453,0, 1
854,3.496990442276001,0, 1
855,3.0508482456207275,0, 1
856,3.7758729457855225,0, 1
857,3.744905471801758,0, 1
858,4.2447509765625,0, 1
859,4.337499618530273,0, 1
860,2.009469985961914,0, 1
861,1.1963690519332886,1, 5
862,1.9129406213760376,0, 1
863,1.11445152759552,1, 5
864,1.0696396827697754,1, 10
865,0.6718176603317261,1, 10
866,1.545854926109314,0, 1
867,0.8684206008911133,1, 10
868,2.3144493103027344,0, 1
869,0.9987210035324097,1, 20
870,2.375683307647705,0, 1
871,1.1278579235076904,1, 20
872,5.3464202880859375,0, 1
873,4.081748962402344,0, 1
874,5.168000221252441,0, 1
875,4.3857741355896,0, 1
876,5.717400074005127,0, 1
877,4.932484149932861,0, 1
878,5.961408615112305,0, 1
879,5.859216213226318,0, 1
880,2.663911819458008,0, 2
881,2.418079376220703,0, 2
882,2.6945736408233643,0, 2
883,2.556321620941162,0, 2
884,4.309619903564453,0, 2
885,3.6065099239349365,0, 10
886,4.229275703430176,0, 2
887,3.6043763160705566,0, 10
888,7.315147399902344,0, 2
889,5.026793479919434,0, 20
890,7.287845611572266,0, 2
891,6.885066986083984,0, 2
892,7.564952850341797,0, 2
893,6.592815399169922,0, 2
894,7.6050543785095215,0, 2
895,7.322516918182373,0, 2
896,10.148608207702637,0, 2
897,10.46264362335205,0, 2
898,10.128905296325684,0, 2
899,10.677408218383789,0, 2
900,1.177182674407959,1, 5
901,1.4706140756607056,0, 1
902,1.463557481765747,0, 1
903,1.4830257892608643,0, 1
904,0.6540306806564331,1, 10
905,0.49050724506378174,1, 10
906,0.8274638652801514,1, 10
907,0.6186631917953491,1, 10
908,1.0265939235687256,1, 20
909,0.6601113677024841,1, 20
910,1.2993782758712769,1, 20
911,0.8366638422012329,1, 20
912,2.9190151691436768,0, 1
913,2.498574733734131,0, 1
914,3.680619716644287,0, 1
915,2.996500253677368,0, 1
916,3.185821771621704,0, 1
917,3.185675859451294,0, 1
918,4.112156867980957,0, 1
919,4.179047584533691,0, 1
920,1.508529543876648,0, 1
921,0.989558756351471,1, 5
922,1.3588533401489258,0, 1
923,1.008371353149414,1, 5
924,0.6851736307144165,1, 10
925,0.5334835052490234,1, 10
926,0.7391650676727295,1, 10
927,0.6266195774078369,1, 10
928,1.3105018138885498,1, 20
929,0.8036535382270813,1, 20
930,2.125199794769287,0, 1
931,0.9703304767608643,1, 20
932,3.4260787963867188,0, 1
933,2.8633041381835938,0, 1
934,3.5223000049591064,0, 1
935,3.09775447845459,0, 1
936,3.664818286895752,0, 1
937,3.108071804046631,0, 1
938,4.060301303863525,0, 1
939,3.9698939323425293,0, 1
940,1.6309009790420532,0, 1
941,1.5595126152038574,0, 1
942,1.5839364528656006,0, 1
943,1.5213313102722168,0, 1
944,0.910320520401001,1, 10
945,0.7436245679855347,1, 10
946,1.0214416980743408,1, 10
947,0.9242790341377258,1, 10
948,1.304825782775879,1, 20
949,0.8398075103759766,1, 20
950,2.139883518218994,0, 1
951,0.9603463411331177,1, 20
952,4.178592205047607,0, 1
953,3.164235830307007,0, 1
954,4.235056400299072,0, 1
955,3.5402047634124756,0, 1
956,4.231220245361328,0, 1
957,3.7920618057250977,0, 1
958,4.5198655128479,0, 1
959,4.314935207366943,0, 1
960,1.709725022315979,0, 1
961,1.1977709531784058,1, 5
962,1.5635257959365845,0, 1
963,0.9890977740287781,1, 5
964,1.0267137289047241,1, 10
965,0.6284266710281372,1, 10
966,1.0255329608917236,1, 10
967,0.6678276658058167,1, 10
968,2.40525484085083,0, 1
969,1.0869463682174683,1, 20
970,2.4232330322265625,0, 1
971,1.0066369771957397,1, 20
972,4.532843112945557,0, 1
973,3.9144701957702637,0, 1
974,4.096722602844238,0, 1
975,3.570462226867676,0, 1
976,4.585792064666748,0, 1
977,4.098770618438721,0, 1
978,4.7853827476501465,0, 1
979,4.389656066894531,0, 1
980,1.7471563816070557,0, 1
981,1.21550452709198,1, 5
982,1.6259700059890747,0, 1
983,1.3924446105957031,0, 1
984,0.8139192461967468,1, 10
985,0.5186899304389954,1, 10
986,0.8237266540527344,1, 10
987,0.6434887647628784,1, 10
988,1.2916157245635986,1, 20
989,0.7279123663902283,1, 20
990,1.308173656463623,1, 20
991,0.885880172252655,1, 20
992,3.7007994651794434,0, 1
993,2.882397413253784,0, 1
994,3.6024117469787598,0, 1
995,3.1719586849212646,0, 1
996,4.138936519622803,0, 1
997,3.9805405139923096,0, 1
998,4.433464050292969,0, 1
999,4.780726432800293,0, 1
1000,1.7850593328475952,0, 1
1001,1.6673767566680908,0, 1
1002,1.597532033920288,0, 1
1003,1.7753523588180542,0, 1
1004,0.9291762709617615,1, 10
1005,0.8947865962982178,1, 10
1006,0.9773349761962891,1, 10
1007,1.5459147691726685,0, 1
1008,1.121828317642212,1, 20
1009,1.300125002861023,1, 20
1010,1.1907167434692383,1, 20
1011,2.3359792232513428,0, 1
1012,4.008113384246826,0, 1
1013,4.919445991516113,0, 1
1014,4.040360450744629,0, 1
1015,5.287148475646973,0, 1
1016,4.931334495544434,0, 1
1017,5.66306734085083,0, 1
1018,5.181631565093994,0, 1
1019,6.366020202636719,0, 1
1020,5.454756259918213,0, 5
1021,5.196321964263916,0, 5
1022,5.75685977935791,0, 5
1023,5.508131980895996,0, 5
1024,7.8054633140563965,0, 5
1025,6.928452014923096,0, 10
1026,7.817775249481201,0, 5
1027,7.607261657714844,0, 5
1028,8.347752571105957,0, 5
1029,8.036699295043945,0, 5
1030,8.524144172668457,0, 5
1031,8.719303131103516,0, 5
1032,9.549009323120117,0, 5
1033,8.901639938354492,0, 5
1034,9.783002853393555,0, 5
1035,9.479125022888184,0, 5
1036,9.425862312316895,0, 5
1037,9.020463943481445,0, 5
1038,9.667905807495117,0, 5
1039,9.49631404876709,0, 5
1040,1.3913540840148926,0, 1
1041,1.4963856935501099,0, 1
1042,1.382544994354248,0, 1
1043,1.3981622457504272,0, 1
1044,0.6970942616462708,1, 10
1045,0.7412552833557129,1, 10
1046,0.7797311544418335,1, 10
1047,0.8606826663017273,1, 10
1048,0.8237991333007812,1, 20
1049,0.9080359935760498,1, 20
1050,0.9003674983978271,1, 20
1051,0.9484190344810486,1, 20
1052,3.1102170944213867,0, 1
1053,3.633584976196289,0, 1
1054,3.1711034774780273,0, 1
1055,3.5957911014556885,0, 1
1056,3.465719699859619,0, 1
1057,4.645206928253174,0, 1
1058,3.927265167236328,0, 1
1059,5.12014102935791,0, 1
1060,1.7998851537704468,0, 1
1061,1.5247310400009155,0, 1
1062,1.6950019598007202,0, 1
1063,1.4458136558532715,0, 1
1064,0.9799702167510986,1, 10
1065,0.7581368088722229,1, 10
1066,1.0587584972381592,1, 10
1067,0.9672452211380005,1, 10
1068,1.2371097803115845,1, 20
1069,1.053895354270935,1, 20
1070,1.282923936843872,1, 20
1071,1.205400824546814,1, 20
1072,4.988102912902832,0, 1
1073,4.6638875007629395,0, 1
1074,4.7388410568237305,0, 1
1075,4.973021984100342,0, 1
1076,5.714465141296387,0, 1
1077,5.7180094718933105,0, 1
1078,5.832773208618164,0, 1
1079,6.588107585906982,0, 1
1080,2.6460018157958984,0, 2
1081,2.5587549209594727,0, 2
1082,2.707014560699463,0, 2
1083,2.623072862625122,0, 2
1084,4.046543121337891,0, 2
1085,3.4903528690338135,0, 10
1086,4.011551856994629,0, 2
1087,4.0881028175354,0, 2
1088,6.986985206604004,0, 2
1089,5.06151819229126,0, 20
1090,7.047083377838135,0, 2
1091,6.908995151519775,0, 2
1092,7.473727703094482,0, 2
1093,6.9866437911987305,0, 2
1094,7.5546746253967285,0, 2
1095,7.675731658935547,0, 2
1096,10.47513484954834,0, 2
1097,10.333733558654785,0, 2
1098,10.281983375549316,0, 2
1099,10.543925285339355,0, 2
1100,1.1009407043457031,1, 5
1101,1.5724780559539795,0, 1
1102,1.423732042312622,0, 1
1103,1.6320792436599731,0, 1
1104,0.63687664270401,1, 10
1105,0.625684380531311,1, 10
1106,0.8254636526107788,1, 10
1107,0.7824942469596863,1, 10
1108,0.8366844654083252,1, 20
1109,0.7889799475669861,1, 20
1110,1.0502759218215942,1, 20
1111,1.0070877075195312,1, 20
1112,2.607520341873169,0, 1
1113,3.0502853393554688,0, 1
1114,3.2925050258636475,0, 1
1115,3.5945885181427,0, 1
1116,2.858264446258545,0, 1
1117,4.029372692108154,0, 1
1118,3.7781927585601807,0, 1
1119,5.018230438232422,0, 1
1120,1.092298984527588,1, 5
1121,1.072693109512329,1, 5
1122,1.0607507228851318,1, 5
1123,1.1478421688079834,1, 5
1124,0.6353680491447449,1, 10
1125,0.699860155582428,1, 10
1126,0.7291468977928162,1, 10
1127,0.8136783242225647,1, 10
1128,0.9224334955215454,1, 20
1129,0.8815235495567322,1, 20
1130,1.0496041774749756,1, 20
1131,1.0914390087127686,1, 20
1132,2.8769280910491943,0, 1
1133,3.202070951461792,0, 1
1134,2.9906177520751953,0, 1
1135,3.4854111671447754,0, 1
1136,2.91977858543396,0, 1
1137,3.374150514602661,0, 1
1138,3.3537163734436035,0, 1
1139,4.265820503234863,0, 1
1140,1.4670594930648804,0, 1
1141,1.6937429904937744,0, 1
1142,1.4874022006988525,0, 1
1143,1.6925408840179443,0, 1
1144,0.8019027709960938,1, 10
1145,0.8670238256454468,1, 10
1146,0.9549709558486938,1, 10
1147,1.0752158164978027,1, 10
1148,0.9434511065483093,1, 20
1149,0.9375007748603821,1, 20
1150,1.122429370880127,1, 20
1151,1.0925726890563965,1, 20
1152,3.4282116889953613,0, 1
1153,3.6956212520599365,0, 1
1154,3.695114850997925,0, 1
1155,4.097229480743408,0, 1
1156,3.608398675918579,0, 1
1157,4.379331588745117,0, 1
1158,3.9663517475128174,0, 1
1159,4.944331645965576,0, 1
1160,1.6544955968856812,0, 1
1161,1.4943981170654297,0, 1
1162,1.4916014671325684,0, 1
1163,1.1097195148468018,1, 5
1164,0.9217650890350342,1, 10
1165,0.7167673707008362,1, 10
1166,0.9007287621498108,1, 10
1167,0.772722065448761,1, 10
1168,1.237385630607605,1, 20
1169,1.1510043144226074,1, 20
1170,1.265701174736023,1, 20
1171,1.1063482761383057,1, 20
1172,4.168820381164551,0, 1
1173,4.3760576248168945,0, 1
1174,3.7782111167907715,0, 1
1175,4.12166690826416,0, 1
1176,4.365395545959473,0, 1
1177,4.700727939605713,0, 1
1178,4.513312816619873,0, 1
1179,5.051408290863037,0, 1
1180,1.4430348873138428,0, 1
1181,1.5279971361160278,0, 1
1182,1.4039826393127441,0, 1
1183,1.5197457075119019,0, 1
1184,0.6424704790115356,1, 10
1185,0.6164854764938354,1, 10
1186,0.6972159743309021,1, 10
1187,0.7560527324676514,1, 10
1188,0.7406874299049377,1, 20
1189,0.7660914659500122,1, 20
1190,0.8213022351264954,1, 20
1191,0.9510308504104614,1, 20
1192,2.7009449005126953,0, 1
1193,3.2015743255615234,0, 1
1194,2.859341621398926,0, 1
1195,3.4921483993530273,0, 1
1196,3.2026419639587402,0, 1
1197,4.2296600341796875,0, 1
1198,3.535104274749756,0, 1
1199,5.048389911651611,0, 1
1200,1.8356174230575562,0, 1
1201,1.532497763633728,0, 1
1202,1.6286053657531738,0, 1
1203,1.5803560018539429,0, 1
1204,0.9455627202987671,1, 10
1205,0.7673229575157166,1, 10
1206,0.9643409252166748,1, 10
1207,1.0246514081954956,1, 10
1208,1.9789928197860718,0, 1
1209,1.09555184841156,1, 20
1210,1.9887480735778809,0, 1
1211,2.0173704624176025,0, 1
1212,3.833059310913086,0, 1
1213,4.177597522735596,0, 1
1214,3.817704677581787,0, 1
1215,4.694750785827637,0, 1
1216,4.678504943847656,0, 1
1217,4.751418113708496,0, 1
1218,4.93349027633667,0, 1
1219,5.529179573059082,0, 1
1220,5.5978875160217285,0, 5
1221,5.345444202423096,0, 5
1222,5.77476167678833,0, 5
1223,5.7770280838012695,0, 5
1224,7.8361334800720215,0, 5
1225,7.120153427124023,0, 10
1226,7.857487678527832,0, 5
1227,7.316948890686035,0, 10
1228,8.055091857910156,0, 5
1229,6.474155426025391,0, 20
1230,8.329156875610352,0, 5
1231,8.4619140625,0, 5
1232,10.231000900268555,0, 5
1233,10.118664741516113,0, 5
1234,10.555075645446777,0, 5
1235,10.47011947631836,0, 5
1236,10.22119426727295,0, 5
1237,10.253783226013184,0, 5
1238,10.551056861877441,0, 5
1239,10.496219635009766,0, 5
1240,1.0028451681137085,1, 5
1241,1.038120150566101,1, 5
1242,1.008724331855774,1, 5
1243,0.9634959697723389,1, 5
1244,0.5997511148452759,1, 10
1245,0.4996783137321472,1, 10
1246,0.7025932669639587,1, 10
1247,0.5894520282745361,1, 10
1248,0.9417334794998169,1, 20
1249,0.6492571234703064,1, 20
1250,1.063647747039795,1, 20
1251,0.7105539441108704,1, 20
1252,2.734365940093994,0, 1
1253,2.613943338394165,0, 1
1254,2.8456504344940186,0, 1
1255,2.738701343536377,0, 1
1256,3.1703882217407227,0, 1
1257,3.0702390670776367,0, 1
1258,3.5822346210479736,0, 1
1259,3.6380200386047363,0, 1
1260,1.6505504846572876,0, 1
1261,1.1497623920440674,1, 5
1262,1.6572073698043823,0, 1
1263,1.0733686685562134,1, 5
1264,0.9527214765548706,1, 10
1265,0.6344229578971863,1, 10
1266,1.3858442306518555,0, 1
1267,0.8039442300796509,1, 10
1268,2.019900321960449,0, 1
1269,0.8604992628097534,1, 20
1270,2.099558115005493,0, 1
1271,0.9966722726821899,1, 20
1272,4.962435722351074,0, 1
1273,3.8515214920043945,0, 1
1274,4.786977291107178,0, 1
1275,4.23607063293457,0, 1
1276,5.376479148864746,0, 1
1277,4.468915939331055,0, 1
1278,5.6110148429870605,0, 1
1279,5.378910064697266,0, 1
1280,2.696619987487793,0, 2
1281,2.5862395763397217,0, 2
1282,2.8083808422088623,0, 2
1283,2.710918426513672,0, 2
1284,4.443618297576904,0, 2
1285,3.838092803955078,0, 10
1286,4.456528186798096,0, 2
1287,3.8462295532226562,0, 10
1288,7.548448085784912,0, 2
1289,5.2789788246154785,0, 20
1290,7.663705348968506,0, 2
1291,5.374927520751953,0, 20
1292,7.181090354919434,0, 2
1293,6.119431018829346,0, 2
1294,7.259613513946533,0, 2
1295,6.885470867156982,0, 2
1296,10.679253578186035,0, 2
1297,11.186327934265137,0, 2
1298,10.903576850891113,0, 2
1299,11.284626007080078,0, 2
1300,1.1219537258148193,1, 5
1301,1.4035426378250122,0, 1
1302,1.4444196224212646,0, 1
1303,1.4663149118423462,0, 1
1304,0.6797112822532654,1, 10
1305,0.5532016754150391,1, 10
1306,0.8853290677070618,1, 10
1307,0.679529070854187,1, 10
1308,1.1312532424926758,1, 20
1309,0.6591404676437378,1, 20
1310,2.0766544342041016,0, 1
1311,0.8791111707687378,1, 20
1312,3.052994728088379,0, 1
1313,2.4940874576568604,0, 1
1314,3.6599578857421875,0, 1
1315,3.1524465084075928,0, 1
1316,3.2702372074127197,0, 1
1317,3.0986151695251465,0, 1
1318,4.123538494110107,0, 1
1319,4.067997455596924,0, 1
1320,1.0248606204986572,1, 5
1321,0.8046431541442871,1, 5
1322,0.9737092852592468,1, 5
1323,0.8268425464630127,1, 5
1324,0.6032669544219971,1, 10
1325,0.4899079203605652,1, 10
1326,0.6851606369018555,1, 10
1327,0.5520114898681641,1, 10
1328,1.221848964691162,1, 20
1329,0.6925459504127502,1, 20
1330,1.3194719552993774,1, 20
1331,0.8240799903869629,1, 20
1332,2.611994504928589,0, 1
1333,1.2694306373596191,1, 50
1334,2.826353073120117,0, 1
1335,2.5652384757995605,0, 1
1336,2.9811794757843018,0, 1
1337,2.458857774734497,0, 1
1338,3.407346487045288,0, 1
1339,3.169806718826294,0, 1
1340,1.4740089178085327,0, 1
1341,1.5696097612380981,0, 1
1342,1.4444923400878906,0, 1
1343,1.502569317817688,0, 1
1344,0.8341422080993652,1, 10
1345,0.715067982673645,1, 10
1346,0.9088438749313354,1, 10
1347,0.8804474472999573,1, 10
1348,1.2416751384735107,1, 20
1349,0.7424200177192688,1, 20
1350,1.333825945854187,1, 20
1351,0.886914074420929,1, 20
1352,3.7103729248046875,0, 1
1353,2.9502744674682617,0, 1
1354,3.6382696628570557,0, 1
1355,3.4767985343933105,0, 1
1356,3.588684558868408,0, 1
1357,3.346571922302246,0, 1
1358,3.6861534118652344,0, 1
1359,3.8998892307281494,0, 1
1360,1.4656330347061157,0, 1
1361,1.002859115600586,1, 5
1362,1.0647034645080566,1, 5
1363,0.8362059593200684,1, 5
1364,0.8259795308113098,1, 10
1365,0.5190058350563049,1, 10
1366,0.8087983131408691,1, 10
1367,0.5573492050170898,1, 10
1368,2.121662139892578,0, 1
1369,0.8715943098068237,1, 20
1370,1.368899941444397,1, 20
1371,0.8248000144958496,1, 20
1372,3.5763535499572754,0, 1
1373,3.3368494510650635,0, 1
1374,3.2906594276428223,0, 1
1375,3.145322322845459,0, 1
1376,3.948045015335083,0, 1
1377,3.3491768836975098,0, 1
1378,4.227159023284912,0, 1
1379,3.8952953815460205,0, 1
1380,1.3310620784759521,0, 1
1381,1.0953128337860107,1, 5
1382,1.0276176929473877,1, 5
1383,1.0443177223205566,1, 5
1384,0.6076595187187195,1, 10
1385,0.45131123065948486,1, 10
1386,0.6468352675437927,1, 10
1387,0.5328754186630249,1, 10
1388,1.0315349102020264,1, 20
1389,0.5979846119880676,1, 20
1390,1.0826585292816162,1, 20
1391,0.7499682903289795,1, 20
1392,2.6021618843078613,0, 1
1393,2.3405299186706543,0, 1
1394,2.6843767166137695,0, 1
1395,2.6565961837768555,0, 1
1396,3.257072687149048,0, 1
1397,3.008392095565796,0, 1
1398,3.620126962661743,0, 1
1399,3.6849288940429688,0, 1
1400,1.8452860116958618,0, 1
1401,1.2466413974761963,1, 5
1402,1.6911752223968506,0, 1
1403,1.5860177278518677,0, 1
1404,0.9122962951660156,1, 10
1405,0.7741155028343201,1, 10
1406,0.9824458360671997,1, 10
1407,1.0695997476577759,1, 10
1408,1.129218578338623,1, 20
1409,1.1771924495697021,1, 20
1410,1.2171907424926758,1, 20
1411,2.1921980381011963,0, 1
1412,4.090554714202881,0, 1
1413,4.632895469665527,0, 1
1414,4.187959671020508,0, 1
1415,5.1053290367126465,0, 1
1416,5.002893924713135,0, 1
1417,5.394590854644775,0, 1
1418,5.277364730834961,0, 1
1419,6.22516393661499,0, 1
1420,5.502801895141602,0, 5
1421,5.233911991119385,0, 5
1422,5.7334675788879395,0, 5
1423,5.571296215057373,0, 5
1424,7.977597236633301,0, 5
1425,7.05554723739624,0, 10
1426,7.928727626800537,0, 5
1427,7.723138332366943,0, 5
1428,8.467748641967773,0, 5
1429,8.033432006835938,0, 5
1430,8.57971477508545,0, 5
1431,8.729336738586426,0, 5
1432,8.996748924255371,0, 5
1433,8.652848243713379,0, 5
1434,9.208210945129395,0, 5
1435,9.225530624389648,0, 5
1436,8.971624374389648,0, 5
1437,8.819260597229004,0, 5
1438,9.218870162963867,0, 5
1439,9.274029731750488,0, 5
1440,1.0661348104476929,1, 5
1441,1.0946320295333862,1, 5
1442,1.2958950996398926,0, 1
1443,1.0246669054031372,1, 5
1444,0.6018102169036865,1, 10
1445,0.5804949998855591,1, 10
1446,0.7460867166519165,1, 10
1447,0.6917551755905151,1, 10
1448,0.7727329134941101,1, 20
1449,0.7524729371070862,1, 20
1450,0.9099879264831543,1, 20
1451,0.825088620185852,1, 20
1452,3.016125440597534,0, 1
1453,3.051474094390869,0, 1
1454,3.1252918243408203,0, 1
1455,3.147582530975342,0, 1
1456,3.5491883754730225,0, 1
1457,3.7924134731292725,0, 1
1458,3.9497392177581787,0, 1
1459,4.484055042266846,0, 1
1460,1.682579517364502,0, 1
1461,1.1075400114059448,1, 5
1462,1.6117031574249268,0, 1
1463,1.0606893301010132,1, 5
1464,0.8957891464233398,1, 10
1465,0.6421502232551575,1, 10
1466,0.9990923404693604,1, 10
1467,0.8479463458061218,1, 10
1468,1.154797911643982,1, 20
1469,0.9087682366371155,1, 20
1470,1.1972594261169434,1, 20
1471,1.0621315240859985,1, 20
1472,5.019992828369141,0, 1
1473,4.266413688659668,0, 1
1474,4.791872501373291,0, 1
1475,4.632674217224121,0, 1
1476,5.692056655883789,0, 1
1477,5.211949348449707,0, 1
1478,5.844424247741699,0, 1
1479,6.167867660522461,0, 1
1480,2.6140995025634766,0, 2
1481,2.4297378063201904,0, 2
1482,2.661078453063965,0, 2
1483,2.5278358459472656,0, 2
1484,4.160502910614014,0, 2
1485,3.533945083618164,0, 10
1486,4.120678424835205,0, 2
1487,3.584136962890625,0, 10
1488,7.376949310302734,0, 2
1489,5.1904120445251465,0, 20
1490,7.367946624755859,0, 2
1491,7.085860729217529,0, 2
1492,7.724815845489502,0, 2
1493,6.845479488372803,0, 2
1494,7.810488700866699,0, 2
1495,7.596071720123291,0, 2
1496,9.58995246887207,0, 2
1497,9.805292129516602,0, 2
1498,9.620026588439941,0, 2
1499,10.08398723602295,0, 2
1500,1.4229018688201904,0, 1
1501,1.4824038743972778,0, 1
1502,1.563869595527649,0, 1
1503,1.5119010210037231,0, 1
1504,0.6888006925582886,1, 10
1505,0.5831691026687622,1, 10
1506,0.8886825442314148,1, 10
1507,0.785258412361145,1, 10
1508,0.93648362159729,1, 20
1509,0.6965193748474121,1, 20
1510,1.166597604751587,1, 20
1511,0.9650838375091553,1, 20
1512,3.1305935382843018,0, 1
1513,2.7752737998962402,0, 1
1514,3.754761219024658,0, 1
1515,3.490734815597534,0, 1
1516,3.489973306655884,0, 1
1517,3.6086018085479736,0, 1
1518,4.312351226806641,0, 1
1519,4.766752243041992,0, 1
1520,1.4418020248413086,0, 1
1521,0.8785392642021179,1, 5
1522,1.3133589029312134,0, 1
1523,0.9180111885070801,1, 5
1524,0.6644682288169861,1, 10
1525,0.5332502722740173,1, 10
1526,0.7153783440589905,1, 10
1527,0.6252096891403198,1, 10
1528,1.1072043180465698,1, 20
1529,0.7789471745491028,1, 20
1530,1.2196319103240967,1, 20
1531,0.9487252235412598,1, 20
1532,3.262770652770996,0, 1
1533,2.878054141998291,0, 1
1534,3.4121241569519043,0, 1
1535,3.210029363632202,0, 1
1536,3.6366918087005615,0, 1
1537,3.092965602874756,0, 1
1538,3.960437536239624,0, 1
1539,3.99778151512146,0, 1
1540,1.6107341051101685,0, 1
1541,1.4777584075927734,0, 1
1542,1.606687068939209,0, 1
1543,1.467223048210144,0, 1
1544,0.8731207847595215,1, 10
1545,0.72587651014328,1, 10
1546,1.002260446548462,1, 10
1547,0.9307004809379578,1, 10
1548,1.088670015335083,1, 20
1549,0.7746087312698364,1, 20
1550,1.2524800300598145,1, 20
1551,0.9350863695144653,1, 20
1552,4.086513996124268,0, 1
1553,3.241053819656372,0, 1
1554,4.095245361328125,0, 1
1555,3.754352569580078,0, 1
1556,4.214179039001465,0, 1
1557,3.9493627548217773,0, 1
1558,4.425736904144287,0, 1
1559,4.569159984588623,0, 1
1560,1.6511123180389404,0, 1
1561,1.091184377670288,1, 5
1562,1.5406161546707153,0, 1
1563,0.9663606882095337,1, 5
1564,0.9332929253578186,1, 10
1565,0.6122718453407288,1, 10
1566,0.9914683103561401,1, 10
1567,0.6708455681800842,1, 10
1568,1.3456672430038452,1, 20
1569,1.0452717542648315,1, 20
1570,2.1332435607910156,0, 1
1571,1.00706946849823,1, 20
1572,4.4378228187561035,0, 1
1573,4.170772075653076,0, 1
1574,4.163428783416748,0, 1
1575,3.946143865585327,0, 1
1576,4.833822250366211,0, 1
1577,4.513306140899658,0, 1
1578,5.117209434509277,0, 1
1579,4.957928657531738,0, 1
1580,1.5202598571777344,0, 1
1581,1.1090919971466064,1, 5
1582,1.4881138801574707,0, 1
1583,1.1060097217559814,1, 5
1584,0.6722218990325928,1, 10
1585,0.4998583197593689,1, 10
1586,0.751505970954895,1, 10
1587,0.6379305124282837,1, 10
1588,0.9015299081802368,1, 20
1589,0.6644479036331177,1, 20
1590,0.9933925271034241,1, 20
1591,0.8542758822441101,1, 20
1592,3.2300214767456055,0, 1
1593,2.8638672828674316,0, 1
1594,3.3455393314361572,0, 1
1595,3.240097999572754,0, 1
1596,3.870499849319458,0, 1
1597,3.932865619659424,0, 1
1598,4.190258502960205,0, 1
1599,4.80579137802124,0, 1
1600,1.7260066270828247,0, 1
1601,1.6843303442001343,0, 1
1602,1.5269559621810913,0, 1
1603,1.7565885782241821,0, 1
1604,0.8655568361282349,1, 10
1605,0.8657237887382507,1, 10
1606,0.8599097728729248,1, 10
1607,1.1369764804840088,1, 10
1608,1.1528377532958984,1, 20
1609,1.354765772819519,1, 20
1610,1.120553970336914,1, 20
1611,2.412424087524414,0, 1
1612,3.698457956314087,0, 1
1613,4.823385238647461,0, 1
1614,3.5610201358795166,0, 1
1615,5.152242660522461,0, 1
1616,4.644199848175049,0, 1
1617,5.694140434265137,0, 1
1618,4.763657093048096,0, 1
1619,6.4538960456848145,0, 1
1620,5.466485023498535,0, 5
1621,5.130233287811279,0, 5
1622,5.736842155456543,0, 5
1623,5.471370697021484,0, 5
1624,7.908181190490723,0, 5
1625,6.962099075317383,0, 10
1626,7.923661231994629,0, 5
1627,7.6231536865234375,0, 5
1628,8.526426315307617,0, 5
1629,8.18492603302002,0, 5
1630,8.77607250213623,0, 5
1631,8.877962112426758,0, 5
1632,10.033774375915527,0, 5
1633,9.234811782836914,0, 5
1634,10.276741981506348,0, 5
1635,9.928230285644531,0, 5
1636,9.990693092346191,0, 5
1637,9.429655075073242,0, 5
1638,10.244315147399902,0, 5
1639,9.992084503173828,0, 5
1640,0.9522914290428162,1, 5
1641,1.5316942930221558,0, 1
1642,0.9962722063064575,1, 5
1643,1.449721097946167,0, 1
1644,0.527881920337677,1, 10
1645,0.6966350078582764,1, 10
1646,0.648541271686554,1, 10
1647,0.8186113834381104,1, 10
1648,0.7726359367370605,1, 20
1649,0.8597968816757202,1, 20
1650,0.8737649917602539,1, 20
1651,0.9361042976379395,1, 20
1652,1.3431931734085083,1, 50
1653,3.195493698120117,0, 1
1654,2.5361366271972656,0, 1
1655,3.175834894180298,0, 1
1656,2.772602081298828,0, 1
1657,4.112606048583984,0, 1
1658,3.2971596717834473,0, 1
1659,4.6952104568481445,0, 1
1660,1.6269296407699585,0, 1
1661,1.5351639986038208,0, 1
1662,1.5185797214508057,0, 1
1663,1.4832125902175903,0, 1
1664,0.8856709599494934,1, 10
1665,0.7809960842132568,1, 10
1666,0.9265707731246948,1, 10
1667,0.9878075122833252,1, 10
1668,1.2452021837234497,1, 20
1669,1.081139087677002,1, 20
1670,1.234691858291626,1, 20
1671,1.244411587715149,1, 20
1672,4.745041370391846,0, 1
1673,4.506990909576416,0, 1
1674,4.351193428039551,0, 1
1675,4.853947162628174,0, 1
1676,5.590750694274902,0, 1
1677,5.769361972808838,0, 1
1678,5.604734420776367,0, 1
1679,6.673992156982422,0, 1
1680,2.6695961952209473,0, 2
1681,2.5209853649139404,0, 2
1682,2.715463161468506,0, 2
1683,2.616532564163208,0, 2
1684,4.350627422332764,0, 2
1685,3.5848143100738525,0, 10
1686,4.253941535949707,0, 2
1687,3.5899510383605957,0, 10
1688,7.123145580291748,0, 2
1689,5.061276435852051,0, 20
1690,7.072276592254639,0, 2
1691,6.914114475250244,0, 2
1692,7.507152557373047,0, 2
1693,6.929850101470947,0, 2
1694,7.6499457359313965,0, 2
1695,7.611743450164795,0, 2
1696,11.021795272827148,0, 2
1697,10.829991340637207,0, 2
1698,10.821589469909668,0, 2
1699,11.164342880249023,0, 2
1700,1.0033446550369263,1, 5
1701,1.5897308588027954,0, 1
1702,1.0815237760543823,1, 5
1703,1.6352615356445312,0, 1
1704,0.554477334022522,1, 10
1705,0.5887844562530518,1, 10
1706,0.6877167820930481,1, 10
1707,0.7412292957305908,1, 10
1708,0.9422253370285034,1, 20
1709,0.7563629150390625,1, 20
1710,1.1153554916381836,1, 20
1711,0.9736452102661133,1, 20
1712,2.618034601211548,0, 1
1713,2.759045362472534,0, 1
1714,3.1491973400115967,0, 1
1715,3.2527289390563965,0, 1
1716,2.9180853366851807,0, 1
1717,3.7581610679626465,0, 1
1718,3.7516932487487793,0, 1
1719,4.772779941558838,0, 1
1720,1.040747046470642,1, 5
1721,1.0008647441864014,1, 5
1722,0.9409306645393372,1, 5
1723,1.0588221549987793,1, 5
1724,0.562930166721344,1, 10
1725,0.602041482925415,1, 10
1726,0.5840954780578613,1, 10
1727,0.7105592489242554,1, 10
1728,1.0725548267364502,1, 20
1729,0.8262248635292053,1, 20
1730,1.1494405269622803,1, 20
1731,1.0383002758026123,1, 20
1732,2.877058744430542,0, 1
1733,2.910771608352661,0, 1
1734,2.8915696144104004,0, 1
1735,3.245718479156494,0, 1
1736,3.083282470703125,0, 1
1737,3.266240358352661,0, 1
1738,3.4204440116882324,0, 1
1739,4.169723033905029,0, 1
1740,1.1309739351272583,1, 5
1741,1.668887734413147,0, 1
1742,1.4040586948394775,0, 1
1743,1.6695507764816284,0, 1
1744,0.7006678581237793,1, 10
1745,0.8170063495635986,1, 10
1746,0.8375291228294373,1, 10
1747,1.0267149209976196,1, 10
1748,1.0476114749908447,1, 20
1749,0.9314711093902588,1, 20
1750,1.2030487060546875,1, 20
1751,1.1132140159606934,1, 20
1752,3.268350124359131,0, 1
1753,3.482988119125366,0, 1
1754,3.4019904136657715,0, 1
1755,3.9575092792510986,0, 1
1756,3.6584389209747314,0, 1
1757,4.264805316925049,0, 1
1758,3.947068691253662,0, 1
1759,4.905507564544678,0, 1
1760,1.4374507665634155,0, 1
1761,1.2089190483093262,1, 5
1762,1.1168988943099976,1, 5
1763,1.0859217643737793,1, 5
1764,0.7776305079460144,1, 10
1765,0.6797158122062683,1, 10
1766,0.7723701000213623,1, 10
1767,0.7193866968154907,1, 10
1768,1.1750365495681763,1, 20
1769,1.083200216293335,1, 20
1770,1.1998087167739868,1, 20
1771,1.0500922203063965,1, 20
1772,3.558884859085083,0, 1
1773,4.0198445320129395,0, 1
1774,3.187396287918091,0, 1
1775,3.756404399871826,0, 1
1776,3.790910243988037,0, 1
1777,4.503142356872559,0, 1
1778,4.024683475494385,0, 1
1779,4.882519721984863,0, 1
1780,1.0598368644714355,1, 5
1781,1.4604825973510742,0, 1
1782,1.034407615661621,1, 5
1783,1.4280987977981567,0, 1
1784,0.5342928171157837,1, 10
1785,0.5483700633049011,1, 10
1786,0.5725241899490356,1, 10
1787,0.668822705745697,1, 10
1788,0.8393910527229309,1, 20
1789,0.7584086656570435,1, 20
1790,0.8724758625030518,1, 20
1791,0.9332152605056763,1, 20
1792,1.3527348041534424,1, 50
1793,2.916872501373291,0, 1
1794,1.3785103559494019,1, 50
1795,3.149616241455078,0, 1
1796,3.0400443077087402,0, 1
1797,4.104649543762207,0, 1
1798,3.439321756362915,0, 1
1799,4.846358776092529,0, 1
1800,1.9208818674087524,0, 1
1801,1.7525702714920044,0, 1
1802,1.784220576286316,0, 1
1803,1.9026429653167725,0, 1
1804,1.0157074928283691,1, 10
1805,0.9180397987365723,1, 10
1806,1.0768698453903198,1, 10
1807,1.6118601560592651,0, 1
1808,1.9158716201782227,0, 1
1809,1.9696629047393799,0, 1
1810,2.0454652309417725,0, 1
1811,2.4839658737182617,0, 1
1812,4.4820332527160645,0, 1
1813,4.796797275543213,0, 1
1814,4.6090569496154785,0, 1
1815,5.508857727050781,0, 1
1816,5.6976752281188965,0, 1
1817,5.811460494995117,0, 1
1818,5.9977946281433105,0, 1
1819,6.6802287101745605,0, 1
1820,5.41011381149292,0, 5
1821,5.042818069458008,0, 5
1822,5.672374248504639,0, 5
1823,5.392519950866699,0, 5
1824,7.883738040924072,0, 5
1825,7.030787467956543,0, 10
1826,7.91339111328125,0, 5
1827,7.712454319000244,0, 5
1828,8.554019927978516,0, 5
1829,8.196966171264648,0, 5
1830,8.736745834350586,0, 5
1831,8.888530731201172,0, 5
1832,9.72254753112793,0, 5
1833,8.924839973449707,0, 5
1834,9.961134910583496,0, 5
1835,9.562603950500488,0, 5
1836,9.700315475463867,0, 5
1837,9.03976821899414,0, 5
1838,9.979190826416016,0, 5
1839,9.546494483947754,0, 5
1840,1.394181728363037,0, 1
1841,1.4920281171798706,0, 1
1842,1.4253501892089844,0, 1
1843,1.502302885055542,0, 1
1844,0.6198453903198242,1, 10
1845,0.6482977271080017,1, 10
1846,0.7131331562995911,1, 10
1847,0.8302395343780518,1, 10
1848,0.8607470989227295,1, 20
1849,0.7775165438652039,1, 20
1850,0.9402114748954773,1, 20
1851,0.9434477686882019,1, 20
1852,2.9111945629119873,0, 1
1853,3.051170587539673,0, 1
1854,2.9375457763671875,0, 1
1855,3.4399032592773438,0, 1
1856,3.5326147079467773,0, 1
1857,4.148475646972656,0, 1
1858,3.750864267349243,0, 1
1859,4.876030921936035,0, 1
1860,1.6997514963150024,0, 1
1861,1.6474136114120483,0, 1
1862,1.6079418659210205,0, 1
1863,1.587363600730896,0, 1
1864,0.8894824981689453,1, 10
1865,0.7332396507263184,1, 10
1866,0.9644798040390015,1, 10
1867,0.9530893564224243,1, 10
1868,1.1884428262710571,1, 20
1869,0.975803554058075,1, 20
1870,1.211341142654419,1, 20
1871,1.195946455001831,1, 20
1872,4.934493064880371,0, 1
1873,4.278435707092285,0, 1
1874,4.677943229675293,0, 1
1875,4.877063751220703,0, 1
1876,5.799803733825684,0, 1
1877,5.533919334411621,0, 1
1878,5.867013454437256,0, 1
1879,6.482604503631592,0, 1
1880,2.6457746028900146,0, 2
1881,2.503716230392456,0, 2
1882,2.6730613708496094,0, 2
1883,2.5952305793762207,0, 2
1884,4.307252883911133,0, 2
1885,3.608747959136963,0, 10
1886,4.261256694793701,0, 2
1887,3.6324350833892822,0, 10
1888,7.278350830078125,0, 2
1889,4.996750354766846,0, 20
1890,7.320929050445557,0, 2
1891,6.954307556152344,0, 2
1892,7.812229156494141,0, 2
1893,7.053816318511963,0, 2
1894,7.902762413024902,0, 2
1895,7.744267463684082,0, 2
1896,10.56359577178955,0, 2
1897,10.164647102355957,0, 2
1898,10.429553031921387,0, 2
1899,10.556562423706055,0, 2
1900,1.496840000152588,0, 1
1901,1.6051958799362183,0, 1
1902,1.5356616973876953,0, 1
1903,1.6702629327774048,0, 1
1904,0.713780403137207,1, 10
1905,0.5401825904846191,1, 10
1906,0.8238449096679688,1, 10
1907,0.7271991968154907,1, 10
1908,1.092021107673645,1, 20
1909,0.6720598936080933,1, 20
1910,1.23223876953125,1, 20
1911,0.9440053105354309,1, 20
1912,3.6083717346191406,0, 1
1913,2.6643412113189697,0, 1
1914,3.9209718704223633,0, 1
1915,3.4235923290252686,0, 1
1916,4.2035675048828125,0, 1
1917,3.6982553005218506,0, 1
1918,4.711315155029297,0, 1
1919,4.823205471038818,0, 1
1920,1.3770973682403564,0, 1
1921,1.0036298036575317,1, 5
1922,1.0625134706497192,1, 5
1923,1.0682969093322754,1, 5
1924,0.6174941658973694,1, 10
1925,0.5476709604263306,1, 10
1926,0.6360110640525818,1, 10
1927,0.6311972141265869,1, 10
1928,1.0981577634811401,1, 20
1929,0.7302948832511902,1, 20
1930,1.18865966796875,1, 20
1931,0.9066381454467773,1, 20
1932,2.941624402999878,0, 1
1933,2.6226184368133545,0, 1
1934,3.093874454498291,0, 1
1935,3.0627381801605225,0, 1
1936,3.4161579608917236,0, 1
1937,3.1242330074310303,0, 1
1938,3.649721384048462,0, 1
1939,4.0221357345581055,0, 1
1940,1.4576236009597778,0, 1
1941,1.7290235757827759,0, 1
1942,1.490247130393982,0, 1
1943,1.69735586643219,0, 1
1944,0.7645529508590698,1, 10
1945,0.7825670838356018,1, 10
1946,0.9038954377174377,1, 10
1947,0.9456324577331543,1, 10
1948,0.954014778137207,1, 20
1949,0.8101434707641602,1, 20
1950,1.123443365097046,1, 20
1951,0.9743356704711914,1, 20
1952,3.499459743499756,0, 1
1953,3.2896034717559814,0, 1
1954,3.8370444774627686,0, 1
1955,3.8981640338897705,0, 1
1956,4.148157119750977,0, 1
1957,4.151663303375244,0, 1
1958,4.537137508392334,0, 1
1959,4.779621601104736,0, 1
1960,1.6049861907958984,0, 1
1961,1.4175124168395996,0, 1
1962,1.5139793157577515,0, 1
1963,1.0643672943115234,1, 5
1964,0.8860000967979431,1, 10
1965,0.617330014705658,1, 10
1966,0.8840640783309937,1, 10
1967,0.6571041345596313,1, 10
1968,1.3116517066955566,1, 20
1969,0.9813429117202759,1, 20
1970,1.3500981330871582,1, 20
1971,0.9438292384147644,1, 20
1972,4.130444526672363,0, 1
1973,4.020571708679199,0, 1
1974,3.920443296432495,0, 1
1975,3.8915469646453857,0, 1
1976,4.644252300262451,0, 1
1977,4.508059978485107,0, 1
1978,4.904109477996826,0, 1
1979,4.987259864807129,0, 1
1980,1.3799892663955688,0, 1
1981,1.573323369026184,0, 1
1982,1.340622901916504,0, 1
1983,1.5721572637557983,0, 1
1984,0.5964528322219849,1, 10
1985,0.5170741677284241,1, 10
1986,0.6085612773895264,1, 10
1987,0.630132257938385,1, 10
1988,0.8424506783485413,1, 20
1989,0.6245530843734741,1, 20
1990,0.8897379636764526,1, 20
1991,0.831443190574646,1, 20
1992,2.7078704833984375,0, 1
1993,2.5383787155151367,0, 1
1994,2.7688188552856445,0, 1
1995,3.025763511657715,0, 1
1996,3.3287017345428467,0, 1
1997,3.6649856567382812,0, 1
1998,3.5623207092285156,0, 1
1999,4.562323093414307,0, 1
2000,1.8893898725509644,0, 1
2001,1.642685890197754,0, 1
2002,1.738677740097046,0, 1
2003,1.786094069480896,0, 1
2004,1.034708857536316,1, 10
2005,0.8917920589447021,1, 10
2006,1.4030972719192505,0, 1
2007,1.612686038017273,0, 1
2008,1.951279878616333,0, 1
2009,1.2771483659744263,1, 20
2010,2.010085344314575,0, 1
2011,2.3936545848846436,0, 1
2012,4.269638538360596,0, 1
2013,4.916687965393066,0, 1
2014,4.24905252456665,0, 1
2015,5.464105606079102,0, 1
2016,5.167778968811035,0, 1
2017,5.601444244384766,0, 1
2018,5.329046249389648,0, 1
2019,6.329732418060303,0, 1
2020,5.5140910148620605,0, 5
2021,5.1517558097839355,0, 5
2022,5.763259410858154,0, 5
2023,5.5087785720825195,0, 5
2024,7.842774868011475,0, 5
2025,6.963967323303223,0, 10
2026,7.876468658447266,0, 5
2027,7.622966766357422,0, 5
2028,8.277528762817383,0, 5
2029,7.985559463500977,0, 5
2030,8.515697479248047,0, 5
2031,8.608908653259277,0, 5
2032,10.018529891967773,0, 5
2033,9.040267944335938,0, 5
2034,10.323577880859375,0, 5
2035,9.775684356689453,0, 5
2036,9.977261543273926,0, 5
2037,9.2091703414917,0, 5
2038,10.288873672485352,0, 5
2039,9.802626609802246,0, 5
2040,0.9875385165214539,1, 5
2041,1.0717474222183228,1, 5
2042,1.2430142164230347,0, 1
2043,1.0602370500564575,1, 5
2044,0.6881329417228699,1, 10
2045,0.6548113822937012,1, 10
2046,0.8212029933929443,1, 10
2047,0.8188669085502625,1, 10
2048,0.8368707299232483,1, 20
2049,0.7391669154167175,1, 20
2050,0.9911872148513794,1, 20
2051,0.8401864767074585,1, 20
2052,2.9383318424224854,0, 1
2053,3.309523582458496,0, 1
2054,3.0837533473968506,0, 1
2055,3.5114097595214844,0, 1
2056,3.1287503242492676,0, 1
2057,4.1332807540893555,0, 1
2058,3.625802755355835,0, 1
2059,4.701649188995361,0, 1
2060,1.670837640762329,0, 1
2061,1.511534333229065,0, 1
2062,1.665070652961731,0, 1
2063,1.483962059020996,0, 1
2064,0.9785125255584717,1, 10
2065,0.7694506049156189,1, 10
2066,1.4401195049285889,0, 1
2067,0.9823422431945801,1, 10
2068,1.2513850927352905,1, 20
2069,0.97768634557724,1, 20
2070,2.0148372650146484,0, 1
2071,1.1712981462478638,1, 20
2072,4.982339859008789,0, 1
2073,4.541115760803223,0, 1
2074,4.862165927886963,0, 1
2075,5.010461807250977,0, 1
2076,5.572334289550781,0, 1
2077,5.4813008308410645,0, 1
2078,5.785910606384277,0, 1
2079,6.368147373199463,0, 1
2080,2.802642345428467,0, 2
2081,2.5167760848999023,0, 2
2082,2.836721420288086,0, 2
2083,2.62953519821167,0, 2
2084,4.299238681793213,0, 2
2085,3.517608165740967,0, 10
2086,4.242949962615967,0, 2
2087,3.5326693058013916,0, 10
2088,7.289517402648926,0, 2
2089,5.0508317947387695,0, 20
2090,7.276211738586426,0, 2
2091,6.972545146942139,0, 2
2092,7.537631988525391,0, 2
2093,6.788743019104004,0, 2
2094,7.6330037117004395,0, 2
2095,7.508764743804932,0, 2
2096,10.813762664794922,0, 2
2097,10.529520988464355,0, 2
2098,10.598129272460938,0, 2
2099,11.032329559326172,0, 2
2100,1.075518250465393,1, 5
2101,1.4839786291122437,0, 1
2102,1.362722396850586,0, 1
2103,1.5568751096725464,0, 1
2104,0.6590667366981506,1, 10
2105,0.5663053393363953,1, 10
2106,0.8096188306808472,1, 10
2107,0.7552252411842346,1, 10
2108,0.9813829064369202,1, 20
2109,0.6623579263687134,1, 20
2110,1.1947662830352783,1, 20
2111,0.9002354145050049,1, 20
2112,3.031912088394165,0, 1
2113,2.827709436416626,0, 1
2114,3.567399740219116,0, 1
2115,3.477945566177368,0, 1
2116,3.3120217323303223,0, 1
2117,3.5938026905059814,0, 1
2118,4.079790115356445,0, 1
2119,4.626498222351074,0, 1
2120,0.9965382814407349,1, 5
2121,0.8945852518081665,1, 5
2122,0.9207798838615417,1, 5
2123,0.979836642742157,1, 5
2124,0.5825895071029663,1, 10
2125,0.5696829557418823,1, 10
2126,0.6370725035667419,1, 10
2127,0.7020546197891235,1, 10
2128,1.075778841972351,1, 20
2129,0.7416365146636963,1, 20
2130,1.2004525661468506,1, 20
2131,0.9709681272506714,1, 20
2132,2.7353062629699707,0, 1
2133,2.8092310428619385,0, 1
2134,2.9321482181549072,0, 1
2135,3.250537395477295,0, 1
2136,2.5847878456115723,0, 1
2137,2.9914212226867676,0, 1
2138,3.0606706142425537,0, 1
2139,3.9509458541870117,0, 1
2140,1.4768017530441284,0, 1
2141,1.6312366724014282,0, 1
2142,1.5210281610488892,0, 1
2143,1.5874433517456055,0, 1
2144,0.8787592053413391,1, 10
2145,0.8285794258117676,1, 10
2146,1.0333939790725708,1, 10
2147,1.0435121059417725,1, 10
2148,1.079232931137085,1, 20
2149,0.813179612159729,1, 20
2150,1.2763549089431763,1, 20
2151,0.9765582084655762,1, 20
2152,3.8363165855407715,0, 1
2153,3.4914193153381348,0, 1
2154,4.015057563781738,0, 1
2155,4.005640029907227,0, 1
2156,4.010294437408447,0, 1
2157,4.206740379333496,0, 1
2158,4.274561882019043,0, 1
2159,4.746352672576904,0, 1
2160,1.4561408758163452,0, 1
2161,1.0923826694488525,1, 5
2162,1.3312170505523682,0, 1
2163,0.9833968877792358,1, 5
2164,0.813805103302002,1, 10
2165,0.6189917325973511,1, 10
2166,0.8319472074508667,1, 10
2167,0.6864386200904846,1, 10
2168,1.230847716331482,1, 20
2169,0.9589115381240845,1, 20
2170,1.2462211847305298,1, 20
2171,0.9377374649047852,1, 20
2172,3.5690488815307617,0, 1
2173,3.902777910232544,0, 1
2174,3.2684714794158936,0, 1
2175,3.7651584148406982,0, 1
2176,3.7097573280334473,0, 1
2177,4.212271213531494,0, 1
2178,4.008754730224609,0, 1
2179,4.742875576019287,0, 1
2180,1.3466448783874512,0, 1
2181,1.410078763961792,0, 1
2182,1.294321060180664,0, 1
2183,1.424971103668213,0, 1
2184,0.6615406274795532,1, 10
2185,0.566851019859314,1, 10
2186,0.6926615238189697,1, 10
2187,0.7070102691650391,1, 10
2188,0.8445382118225098,1, 20
2189,0.6749403476715088,1, 20
2190,0.907464861869812,1, 20
2191,0.866500735282898,1, 20
2192,2.5827651023864746,0, 1
2193,2.827479124069214,0, 1
2194,2.6381633281707764,0, 1
2195,3.2398324012756348,0, 1
2196,3.002998113632202,0, 1
2197,3.762808084487915,0, 1
2198,3.298036575317383,0, 1
2199,4.558889389038086,0, 1
